station,datetime,report
VABB,040800Z,28010KT 3000 HZ SCT020 SCT025 31/25 Q1006 NOSIG=
VABB,040830Z,27012KT 3000 HZ SCT020 SCT025 31/25 Q1006 NOSIG=
VABB,040900Z,27012KT 3000 HZ SCT020 SCT025 32/25 Q1005 NOSIG=
VABB,040930Z,28011KT 3000 HZ SCT020 SCT025 31/25 Q1005 NOSIG=
VABB,041000Z,29012KT 3000 HZ SCT020 SCT025 31/24 Q1005 NOSIG=
VABB,041030Z,26011KT 3000 HZ SCT020 SCT025 30/23 Q1005 NOSIG=
VABB,041100Z,29011KT 3500 HZ SCT020 SCT025 31/24 Q1004 NOSIG=
VABB,041130Z,29011KT 3500 HZ SCT020 SCT025 31/23 Q1004 NOSIG=
VABB,041200Z,29011KT 3500 HZ SCT020 SCT025 30/25 Q1005 NOSIG=
VABB,041230Z,30009KT 3500 HZ SCT020 SCT025 30/24 Q1005 NOSIG=
VABB,041300Z,31008KT 3500 HZ SCT020 SCT025 29/24 Q1005 NOSIG=
VABB,041330Z,30008KT 3000 HZ SCT020 SCT025 29/24 Q1006 NOSIG=
VABB,041400Z,29008KT 3000 HZ FEW020 SCT025 29/25 Q1006 NOSIG=
VABB,041430Z,28005KT 3000 HZ SCT020 SCT025 29/25 Q1006 NOSIG=
VABB,041500Z,28007KT 3000 HZ SCT020 SCT025 29/25 Q1006 NOSIG=
VABB,041530Z,30006KT 3000 HZ SCT020 SCT025 29/25 Q1006 NOSIG=
VABB,041600Z,27005KT 3000 HZ SCT020 SCT025 29/25 Q1007 NOSIG=
VABB,041630Z,29005KT 3000 HZ SCT020 28/25 Q1007 NOSIG=
VABB,041700Z,26005KT 3000 HZ SCT020 28/25 Q1007 NOSIG=
VABB,041730Z,29004KT 3000 HZ SCT020 SCT025 28/25 Q1007 NOSIG=
VABB,041800Z,25003KT 3000 HZ SCT020 SCT025 28/25 Q1007 NOSIG=
VABB,041830Z,30004KT 3000 HZ SCT020 SCT025 28/25 Q1007 NOSIG=
VABB,041900Z,00000KT 3000 HZ SCT020 SCT025 28/28 Q1007 NOSIG=
VABB,041930Z,30004KT 3000 HZ SCT020 SCT025 28/27 Q1007 NOSIG=
VABB,042000Z,00000KT 3000 HZ SCT020 SCT025 28/25 Q1006 NOSIG=
VABB,042030Z,00000KT 3000 HZ SCT020 SCT025 28/25 Q1006 NOSIG=
VABB,042100Z,28006KT 3000 HZ SCT020 SCT025 28/25 Q1006 NOSIG=
VABB,042130Z,34004KT 3000 HZ SCT020 SCT025 28/25 Q1006 NOSIG=
VABB,042200Z,00000KT 3000 HZ SCT020 SCT025 28/25 Q1005 NOSIG=
VABB,042230Z,00000KT 3000 HZ SCT020 SCT025 28/25 Q1006 NOSIG=
VABB,042300Z,21004KT 3000 HZ SCT020 SCT025 27/25 Q1005 NOSIG=
VABB,042330Z,36005KT 3000 HZ SCT020 SCT025 28/25 Q1006 NOSIG=
VABB,050000Z,09004KT 3000 HZ SCT020 SCT025 27/25 Q1006 NOSIG=
VABB,050030Z,22003KT 3000 HZ SCT020 SCT025 27/25 Q1006 NOSIG=
VABB,050100Z,00000KT 3000 HZ SCT020 SCT025 27/25 Q1006 NOSIG=
VABB,050130Z,09004KT 3000 HZ SCT020 SCT025 27/26 Q1007 NOSIG=
VABB,050200Z,00000KT 2500 HZ SCT020 SCT025 27/26 Q1007 NOSIG=
VABB,050230Z,20003KT 2500 HZ SCT020 SCT025 28/26 Q1007 NOSIG=
VABB,050300Z,34003KT 2500 HZ SCT020 SCT025 29/26 Q1007 NOSIG=
VABB,050330Z,27004KT 3000 HZ SCT020 SCT025 29/25 Q1008 NOSIG=
VABB,050400Z,36004KT 3000 HZ SCT020 SCT025 29/25 Q1008 NOSIG=
VABB,050430Z,28006KT 3000 HZ SCT020 SCT025 30/24 Q1008 NOSIG=
VABB,050500Z,30007KT 3000 HZ SCT020 SCT025 30/25 Q1008 NOSIG=
VABB,050530Z,28008KT 3000 HZ SCT020 SCT025 30/24 Q1007 NOSIG=
VABB,050600Z,28010KT 3500 HZ SCT020 SCT025 30/25 Q1007 NOSIG=
VABB,050630Z,30007KT 3500 HZ SCT020 SCT025 30/24 Q1007 NOSIG=
VABB,050700Z,02007KT 3500 HZ SCT020 SCT025 32/23 Q1006 NOSIG=
VABB,050730Z,29011KT 4000 HZ SCT020 SCT025 32/25 Q1006 NOSIG=
VABB,050800Z,29009KT 4000 HZ SCT020 SCT025 31/24 Q1006 NOSIG=
VABB,050830Z,28012KT 4000 HZ SCT020 SCT025 31/24 Q1005 NOSIG=
VABB,050900Z,28007G17KT 4000 HZ SCT020 SCT025 32/25 Q1005 NOSIG=
VABB,050930Z,29007G17KT 4000 HZ SCT020 SCT025 32/24 Q1004 NOSIG=
VABB,051000Z,29012KT 4000 HZ FEW020 SCT025 31/23 Q1004 NOSIG=
VABB,051030Z,30010KT 4000 HZ FEW020 SCT025 31/24 Q1004 NOSIG=
VABB,051100Z,01010KT 4000 HZ FEW020 SCT025 32/24 Q1004 NOSIG=
VABB,051130Z,30010KT 4000 HZ FEW020 SCT025 31/24 Q1004 NOSIG=
VABB,051200Z,30011KT 4000 HZ FEW020 SCT025 30/24 Q1004 NOSIG=
VABB,051230Z,30009KT 4000 HZ FEW020 30/24 Q1004 NOSIG=
VABB,051300Z,30008KT 4000 HZ FEW020 30/24 Q1004 NOSIG=
VABB,051330Z,30008KT 3500 HZ SCT020 30/24 Q1004 NOSIG=
VABB,051400Z,30008KT 3500 HZ FEW020 29/25 Q1005 NOSIG=
VABB,051430Z,35008KT 3500 HZ FEW020 30/25 Q1005 BECMG 3000 HZ=
VABB,051500Z,32005KT 3000 HZ FEW020 29/25 Q1006 NOSIG=
VABB,051530Z,30006KT 3000 HZ FEW020 29/25 Q1006 NOSIG=
VABB,051600Z,29006KT 3000 HZ FEW020 29/25 Q1006 NOSIG=
VABB,051630Z,30005KT 3000 HZ FEW020 29/25 Q1006 NOSIG=
VABB,051700Z,30005KT 3000 HZ FEW020 29/25 Q1006 NOSIG=
VABB,051730Z,31005KT 3000 HZ SCT020 29/26 Q1006 NOSIG=
VABB,051800Z,35005KT 3000 HZ SCT020 29/25 Q1006 NOSIG=
VABB,051830Z,29005KT 3000 HZ FEW020 SCT025 29/25 Q1006 NOSIG=
VABB,051900Z,29005KT 3000 HZ FEW020 SCT025 28/25 Q1006 NOSIG=
VABB,051930Z,31004KT 3000 HZ FEW020 SCT025 28/25 Q1006 NOSIG=
VABB,052000Z,27006KT 3000 HZ FEW020 SCT025 28/25 Q1006 NOSIG=
VABB,052030Z,29005KT 3000 HZ FEW020 SCT025 28/25 Q1005 NOSIG=
VABB,052100Z,29005KT 3000 HZ FEW020 SCT025 28/25 Q1005 NOSIG=
VABB,052130Z,31006KT 3000 HZ FEW020 SCT025 28/25 Q1005 NOSIG=
VABB,052200Z,28005KT 3000 HZ FEW020 SCT025 28/25 Q1005 NOSIG=
VABB,052230Z,30004KT 3000 HZ FEW020 SCT025 28/25 Q1005 NOSIG=
VABB,052300Z,29004KT 3000 HZ FEW020 SCT025 28/26 Q1005 NOSIG=
VABB,052330Z,29003KT 3000 HZ FEW020 SCT025 28/25 Q1005 NOSIG=
VABB,060000Z,00000KT 3000 HZ SCT020 SCT025 28/26 Q1005 NOSIG=
VABB,060030Z,33003KT 3000 HZ SCT020 FEW025TCU BKN100 27/26 Q1006 NOSIG=
VABB,060100Z,26003KT 2500 HZ SCT018 SCT025 BKN100 28/26 Q1006 NOSIG=
VABB,060130Z,30003KT 2500 HZ FEW018 SCT025 28/26 Q1006 NOSIG=
VABB,060200Z,29003KT 2500 HZ FEW018 SCT025 BKN100 28/26 Q1006 NOSIG=
VABB,060230Z,32005KT 2500 HZ FEW018 SCT025 BKN100 29/26 Q1007 NOSIG=
VABB,060300Z,31006KT 2500 HZ FEW018 SCT025 BKN100 29/26 Q1007 NOSIG=
VABB,060330Z,28011KT 2500 VCSH FEW012 SCT018 FEW025TCU BKN100 29/26 Q1007 TEMPO 1500 SHRA=
VABB,060400Z,03007KT 2500 -RA FEW012 SCT018 FEW025TCU BKN090 27/25 Q1008 TEMPO 1500 SHRA=
VABB,060430Z,27005KT 2500 VCSH FEW012 SCT018 FEW025TCU BKN090 29/24 Q1007 NOSIG=
VABB,060500Z,27006KT 2500 HZ SCT018 FEW025TCU BKN090 30/26 Q1007 NOSIG=
VABB,060530Z,30009KT 2500 HZ SCT018 FEW025TCU BKN090 31/25 Q1007 BECMG 3000 HZ=
VABB,060600Z,31006KT 3000 HZ FEW018 SCT025 BKN090 31/25 Q1007 NOSIG=
VABB,060630Z,33004KT 3000 HZ FEW018 SCT025 BKN100 31/26 Q1007 NOSIG=
VABB,060700Z,30009KT 3000 HZ FEW018 SCT025 BKN100 31/25 Q1006 NOSIG=
VABB,060730Z,27011KT 3000 HZ SCT020 SCT025 31/25 Q1006 NOSIG=
VABB,060800Z,26007G17KT 3000 HZ SCT020 SCT025 32/25 Q1006 NOSIG=
VABB,060830Z,27014KT 3000 HZ SCT020 SCT025 32/24 Q1005 NOSIG=
VABB,060900Z,27007G17KT 3000 HZ SCT020 SCT025 32/25 Q1005 NOSIG=
VABB,060930Z,28012KT 4000 HZ SCT020 SCT025 32/25 Q1005 NOSIG=
VABB,061000Z,27010KT 4000 HZ SCT020 SCT025 31/25 Q1004 NOSIG=
VABB,061030Z,29008G18KT 4000 HZ FEW020 SCT025 31/23 Q1004 NOSIG=
VABB,061100Z,27011KT 4000 HZ FEW020 SCT025 31/25 Q1004 NOSIG=
VABB,061130Z,27011KT 4000 HZ FEW020 SCT025 31/25 Q1004 NOSIG=
VABB,061200Z,29007KT 3500 HZ SCT020 SCT025 30/26 Q1004 NOSIG=
VABB,061230Z,31007KT 3500 HZ SCT020 SCT025 30/26 Q1004 NOSIG=
VABB,061300Z,30008KT 3500 HZ SCT020 SCT025 29/25 Q1004 BECMG 3000 HZ=
VABB,061330Z,30008KT 3000 HZ FEW020 SCT025 29/25 Q1005 NOSIG=
VABB,061400Z,28006KT 3000 HZ FEW020 SCT100 30/25 Q1005 NOSIG=
VABB,061430Z,27007KT 3000 HZ FEW020 SCT100 29/26 Q1006 NOSIG=
VABB,061500Z,26008KT 3000 HZ SCT020 SCT100 29/26 Q1006 NOSIG=
VABB,061530Z,29007KT 3000 HZ SCT020 SCT100 29/25 Q1006 NOSIG=
VABB,061630Z,25010KT 3000 HZ SCT020 SCT100 29/26 Q1006 NOSIG=
VABB,061700Z,25009KT 3000 HZ SCT020 SCT100 29/26 Q1007 NOSIG=
VABB,061730Z,25008KT 3000 HZ SCT020 SCT100 29/26 Q1007 NOSIG=
VABB,061800Z,25010KT 3000 HZ SCT020 SCT100 29/26 Q1006 NOSIG=
VABB,061830Z,28008KT 3000 HZ SCT020 SCT100 29/25 Q1006 NOSIG=
VABB,061900Z,27010KT 3000 HZ SCT020 SCT025 29/25 Q1005 NOSIG=
VABB,061930Z,26010KT 3000 HZ SCT020 SCT025 29/26 Q1005 NOSIG=
VABB,062000Z,26012KT 3000 HZ SCT020 SCT025 29/26 Q1005 NOSIG=
VABB,062030Z,25010KT 3000 HZ SCT020 SCT025 29/26 Q1005 NOSIG=
VABB,062100Z,28010KT 3000 HZ SCT020 SCT025 29/26 Q1005 NOSIG=
VABB,062130Z,26013KT 3000 HZ SCT020 FEW025TCU 29/26 Q1005 NOSIG=
VABB,062200Z,25010KT 3000 HZ SCT020 FEW025TCU 29/26 Q1005 NOSIG=
VABB,062230Z,25010KT 3000 HZ SCT020 SCT025 29/26 Q1004 NOSIG=
VABB,062300Z,25007G17KT 3000 BR SCT020 FEW025TCU 29/26 Q1004 NOSIG=
VABB,062330Z,26012KT 3000 BR SCT020 FEW025TCU SCT100 28/25 Q1004 NOSIG=
VABB,070000Z,26009KT 3000 BR SCT020 FEW025TCU SCT100 28/26 Q1005 NOSIG=
VABB,070030Z,26009KT 3000 BR SCT020 FEW025TCU SCT100 28/26 Q1005 NOSIG=
VABB,070100Z,25010KT 3000 BR SCT018 FEW025TCU BKN090 28/26 Q1005 TEMPO 1500 SHRA=
VABB,070130Z,34005KT 2100 -RA SCT018 FEW025TCU BKN090 27/25 Q1006 TEMPO 1500 SHRA=
VABB,070200Z,26005KT 2100 -RA SCT018 FEW025TCU BKN090 27/26 Q1006 TEMPO 1500 SHRA=
VABB,070230Z,28010KT 1700 RA FEW012 SCT018 FEW030CB OVC080 28/27 Q1006 TEMPO 0800 +SHRA=
VABB,070300Z,01008KT 1700 RA FEW012 SCT018 FEW030CB OVC080 27/26 Q1006 TEMPO 0800 +RA=
VABB,070330Z,22006KT 0600 R27/1200 +RA SCT010 SCT018 FEW030CB OVC080 26/25 Q1007 NOSIG=
VABB,070400Z,09004KT 1200 R27/1500 +RA SCT010 SCT018 FEW030CB OVC080 26/25 Q1007 TEMPO 0600 +RA=
VABB,070430Z,00000KT 1500 -RA SCT010 SCT018 FEW030CB OVC080 25/25 Q1007 TEMPO 0600 +RA=
VABB,070500Z,25004KT 1500 -RA SCT010 SCT018 FEW030CB OVC080 25/25 Q1007 TEMPO 0800 +RA=
VABB,070530Z,25004KT 1500 -DZ FEW012 SCT018 FEW030CB OVC080 26/25 Q1007 TEMPO 0800 +RA=
VABB,070600Z,31005KT 1500 -RA FEW012 SCT018 FEW030CB OVC080 26/25 Q1007 TEMPO 0800 +RA=
VABB,070630Z,30005KT 2100 -DZ FEW012 SCT018 FEW030CB OVC080 26/25 Q1007 TEMPO 1500 RA=
VABB,070700Z,32003KT 2200 -DZ FEW012 SCT018 FEW030CB OVC080 26/25 Q1006 TEMPO 1500 RA=
VABB,070730Z,25004KT 2500 -DZ FEW012 SCT018 FEW030CB OVC080 26/25 Q1006 TEMPO 1500 RA=
VABB,070800Z,21004KT 2500 -DZ FEW012 SCT018 FEW030CB OVC080 26/25 Q1006 TEMPO 1500 RA=
VABB,070830Z,00000KT 2200 RA SCT012 SCT015 FEW030CB OVC080 26/25 Q1005 TEMPO 1500 SHRA=
VABB,070900Z,10006KT 1700 R27/1900 -TSRA SCT012 SCT015 FEW030CB OVC080 25/25 Q1005 TEMPO 0800 SHRA=
VABB,070930Z,14003KT 2100 -TSRA SCT012 SCT015 FEW030CB OVC080 25/25 Q1005 TEMPO 1500 SHRA=
VABB,071000Z,00000KT 1800 TSRA SCT012 SCT015 FEW030CB OVC080 25/25 Q1005 TEMPO 0800 +SHRA=
VABB,071030Z,25003KT 1200 R27/1300 +TSRA SCT012 SCT015 FEW030CB OVC080 25/25 Q1005 TEMPO 0800 +TSRA=
VABB,071100Z,00000KT 1200 R27/1300 +TSRA SCT012 SCT015 FEW030CB OVC080 25/25 Q1005 TEMPO 0800 +TSRA=
VABB,071130Z,01005KT 1200 R27/1300 +TSRA SCT012 SCT015 FEW030CB OVC080 24/24 Q1005 TEMPO 0800 +TSRA=
VABB,071200Z,11003KT 1000 R27/1200 +TSRA SCT012 SCT015 FEW030CB OVC080 24/24 Q1004 TEMPO 0600 +TSRA=
VABB,071230Z,12005KT 2500 -DZ FEW012 SCT015 FEW025TCU OVC080 25/25 Q1004 TEMPO 1500 RA=
VABB,071300Z,20005KT 2500 HZ FEW015 SCT018 FEW025TCU OVC080 25/25 Q1004 TEMPO 1500 SHRA=
VABB,071330Z,17006KT 2100 BR FEW015 SCT018 FEW025TCU OVC080 25/25 Q1005 TEMPO 1500 SHRA=
VABB,071400Z,17005KT 2100 BR SCT018 SCT025 BKN090 25/25 Q1005 NOSIG=
VABB,071430Z,00000KT 2500 BR SCT018 SCT025 BKN090 26/25 Q1005 NOSIG=
VABB,071500Z,16003KT 2500 BR SCT018 SCT025 BKN090 26/26 Q1006 NOSIG=
VABB,071530Z,20006KT 2500 -DZ SCT018 SCT025 BKN090 26/26 Q1005 NOSIG=
VABB,071600Z,19005KT 2500 BR SCT018 SCT025 BKN090 26/26 Q1006 NOSIG=
VABB,071630Z,22003KT 2500 BR SCT018 SCT025 BKN090 26/26 Q1006 NOSIG=
VABB,071700Z,18003KT 2500 BR SCT018 SCT025 BKN090 27/26 Q1006 NOSIG=
VABB,071730Z,20006KT 2500 BR SCT018 SCT025 BKN090 27/27 Q1006 NOSIG=
VABB,071800Z,24009KT 2500 BR SCT018 SCT025 BKN090 28/28 Q1006 NOSIG=
VABB,071830Z,25011KT 2500 BR SCT018 SCT025 BKN090 28/27 Q1005 TEMPO 1500 SHRA=
VABB,071900Z,24011KT 2500 BR SCT018 SCT025 BKN090 28/27 Q1005 TEMPO 1500 SHRA=
VABB,071930Z,26009KT 2500 BR SCT018 FEW025TCU BKN090 28/27 Q1005 TEMPO 1500 SHRA=
VABB,072000Z,27009KT 2500 BR SCT018 FEW025TCU BKN090 28/27 Q1005 TEMPO 1500 SHRA=
VABB,072030Z,30010KT 2100 RA FEW012 SCT018 FEW025TCU BKN090 27/26 Q1005 TEMPO 1500 SHRA=
VABB,072100Z,27011KT 2100 -RA FEW012 SCT018 FEW025TCU BKN090 28/27 Q1004 TEMPO 1500 SHRA=
VABB,072130Z,28013KT 2100 -RA FEW012 SCT015 FEW030CB BKN090 28/27 Q1004 TEMPO 1500 SHRA=
VABB,072200Z,28011KT 2200 -RA FEW012 SCT018 FEW030CB BKN090 28/27 Q1004 NOSIG=
VABB,072230Z,28015KT 1800 RA FEW012 SCT018 FEW030CB BKN090 27/26 Q1004 TEMPO 1500 SHRA=
VABB,072300Z,30009KT 2100 -RA FEW012 SCT018 FEW030CB BKN090 27/26 Q1004 TEMPO 1500 SHRA=
VABB,072330Z,28010KT 2500 HZ SCT018 FEW030CB BKN090 27/25 Q1004 TEMPO 1500 SHRA=
VABB,080000Z,27010KT 2500 HZ SCT018 FEW025TCU BKN090 28/26 Q1004 NOSIG=
VABB,080030Z,28009KT 2500 HZ SCT018 FEW025TCU BKN090 28/27 Q1004 NOSIG=
VABB,080100Z,29008KT 2200 HZ SCT018 FEW025TCU BKN090 28/27 Q1005 NOSIG=
VABB,080130Z,28009KT 2200 HZ SCT018 FEW025TCU BKN090 28/27 Q1005 TEMPO 1500 SHRA=
VABB,080200Z,28009KT 2200 HZ SCT018 FEW025TCU BKN090 28/27 Q1005 NOSIG=
VABB,080230Z,30006KT 2500 HZ SCT018 FEW025TCU BKN090 28/27 Q1006 NOSIG=
VABB,080300Z,28008KT 2500 HZ SCT018 FEW025TCU BKN090 28/27 Q1006 NOSIG=
VABB,080330Z,26007KT 2500 -DZ FEW012 SCT018 FEW025TCU BKN090 29/27 Q1006 NOSIG=
VABB,080400Z,26010KT 2500 -DZ FEW012 SCT018 FEW025TCU OVC080 29/27 Q1007 TEMPO 1500 SHRA=
VABB,080430Z,28011KT 2500 BR FEW012 SCT018 FEW025TCU OVC080 29/27 Q1007 NOSIG=
VABB,080500Z,26009G19KT 2500 -DZ FEW012 SCT018 FEW025TCU OVC080 29/28 Q1007 TEMPO 1500 SHRA=
VABB,080530Z,26012KT 2500 VCSH FEW012 SCT018 FEW030CB OVC080 29/27 Q1007 TEMPO 1500 SHRA=
VABB,080600Z,26011KT 1600 RA FEW012 SCT018 FEW030CB OVC080 28/27 Q1007 TEMPO 0800 +SHRA=
VABB,080630Z,28010KT 1200 R27/1500 RA FEW012 SCT018 FEW030CB OVC080 28/27 Q1006 TEMPO 0800 +SHRA=
VABB,080700Z,30015KT 1500 R27/1500 RA FEW012 SCT018 FEW030CB OVC080 27/26 Q1006 TEMPO 0800 +SHRA=
VABB,080730Z,27011KT 1000 R27/1400 +RA SCT012 SCT018 FEW030CB OVC080 26/25 Q1007 TEMPO 0600 +RA=
VABB,080800Z,30009KT 0600 R27/0800 +RA SCT010 SCT015 FEW030CB OVC080 27/26 Q1006 TEMPO 0350 +RA=
VABB,080830Z,28009KT 0350 R27/0500 +RA SCT008 SCT015 FEW030CB OVC080 26/26 Q1006 NOSIG=
VABB,080858Z,26004KT 1600 RA SCT008 SCT015 FEW030CB OVC080 26/26 Q1005 TEMPO 1500 +RA=
VABB,080930Z,32007KT 2200 DZ SCT008 SCT015 FEW030CB OVC080 26/26 Q1005 TEMPO 1500 SHRA=
VABB,081000Z,34006KT 0800 R27/0900 +RA SCT008 SCT015 FEW030CB OVC080 27/27 Q1005 TEMPO 0600 +SHRA=
VABB,081030Z,34008G18KT 1000 R27/1100 +RA SCT008 SCT015 FEW030CB OVC080 26/25 Q1005 TEMPO 0600 +SHRA=
VABB,081100Z,30008KT 1200 R27/1400 RA SCT010 SCT015 FEW030CB OVC080 25/25 Q1005 TEMPO 0800 +SHRA=
VABB,081130Z,33009KT 2200 DZ SCT010 SCT015 FEW030CB OVC080 27/27 Q1005 TEMPO 1500 SHRA=
VABB,081200Z,31009KT 2500 VCSH SCT010 SCT015 FEW030CB OVC080 26/26 Q1006 TEMPO 1500 SHRA=
VABB,081230Z,31007KT 2500 VCSH SCT010 SCT015 FEW030CB OVC080 26/25 Q1006 TEMPO 1500 SHRA=
VABB,081300Z,29010KT 2200 DZ SCT010 SCT015 FEW030CB OVC080 26/25 Q1006 TEMPO 1500 SHRA=
VABB,081330Z,35005KT 2100 -RA SCT010 SCT015 FEW030CB OVC080 26/25 Q1006 TEMPO 1500 SHRA=
VABB,081400Z,07003KT 2500 DZ FEW012 SCT018 FEW030CB OVC090 26/25 Q1006 TEMPO 1500 SHRA=
VABB,081430Z,16004KT 2500 -RA FEW012 SCT018 FEW030CB OVC090 26/25 Q1006 TEMPO 1500 SHRA=
VABB,081500Z,15004KT 2500 -RA FEW012 SCT018 FEW030CB OVC090 26/25 Q1006 TEMPO 1500 SHRA=
VABB,081530Z,15004KT 2500 DZ FEW012 SCT018 FEW025TCU OVC090 26/25 Q1006 TEMPO 1500 SHRA=
VABB,081600Z,18003KT 2500 -RA FEW012 SCT018 FEW025TCU OVC090 26/25 Q1006 TEMPO 1500 SHRA=
VABB,081630Z,15003KT 2500 -RA FEW012 SCT018 FEW025TCU OVC090 26/26 Q1007 TEMPO 1500 SHRA=
VABB,081700Z,20003KT 2500 DZ FEW012 SCT018 FEW025TCU OVC090 26/26 Q1007 TEMPO 1500 SHRA=
VABB,081730Z,20003KT 2500 BR FEW012 SCT018 FEW025TCU OVC090 27/26 Q1007 TEMPO 1500 SHRA=
VABB,081800Z,22004KT 2500 BR FEW012 SCT018 FEW025TCU OVC090 27/26 Q1007 NOSIG=
VABB,081830Z,27005KT 2500 DZ FEW012 SCT018 FEW025TCU OVC090 28/27 Q1006 TEMPO 1500 SHRA=
VABB,081900Z,27008KT 2500 BR FEW012 SCT018 FEW025TCU OVC090 28/27 Q1006 TEMPO 1500 SHRA=
VABB,081930Z,29005KT 2500 BR FEW012 SCT018 FEW025TCU BKN090 28/27 Q1006 NOSIG=
VABB,082000Z,30005KT 2500 DZ FEW012 SCT018 FEW025TCU BKN090 28/27 Q1005 TEMPO 1500 SHRA=
VABB,082030Z,29006KT 1800 -RA FEW012 SCT018 FEW030CB OVC090 28/27 Q1005 TEMPO 1500 SHRA=
VABB,082100Z,31006KT 2100 -RA FEW012 SCT018 FEW030CB OVC090 28/27 Q1005 TEMPO 1500 SHRA=
VABB,082130Z,32005KT 2100 BR FEW012 SCT018 FEW030CB OVC090 28/27 Q1005 TEMPO 1500 SHRA=
VABB,082200Z,28003KT 2500 BR FEW012 SCT018 FEW030CB OVC090 28/27 Q1004 TEMPO 1500 SHRA=
VABB,082230Z,29006KT 2500 -RA FEW012 SCT018 FEW030CB OVC090 28/27 Q1004 TEMPO 1500 SHRA=
VABB,082300Z,27007KT 2500 -DZ FEW012 SCT018 FEW025TCU OVC090 28/27 Q1004 NOSIG=
VABB,082330Z,28008KT 2500 BR SCT018 FEW025TCU BKN090 28/27 Q1005 NOSIG=
VABB,090000Z,27010KT 2500 BR SCT018 FEW025TCU BKN090 28/27 Q1005 NOSIG=
VABB,090030Z,28008KT 2500 BR SCT018 FEW025TCU BKN090 28/27 Q1005 NOSIG=
VABB,090100Z,28010KT 2500 BR SCT018 FEW025TCU BKN090 28/27 Q1005 NOSIG=
VABB,090130Z,28010KT 2500 HZ SCT018 FEW025TCU BKN090 28/26 Q1006 NOSIG=
VABB,090200Z,28008KT 2500 HZ SCT018 FEW025TCU BKN090 29/26 Q1006 NOSIG=
VABB,090230Z,30009KT 2500 HZ SCT018 FEW025TCU BKN090 29/27 Q1007 NOSIG=
VABB,090300Z,32006KT 2500 HZ SCT018 FEW025TCU BKN090 30/27 Q1007 NOSIG=
VABB,090330Z,29009KT 2500 HZ SCT018 FEW025TCU BKN090 30/27 Q1007 NOSIG=
VABB,090400Z,28009KT 2500 HZ SCT020 FEW025TCU BKN090 30/27 Q1007 BECMG 3000 HZ=
VABB,090430Z,29008KT 3000 HZ SCT020 SCT025 BKN090 30/27 Q1007 NOSIG=
VABB,090500Z,28011KT 3000 -RA SCT018 SCT025 BKN090 30/28 Q1007 TEMPO 1500 SHRA=
VABB,090530Z,28008KT 3000 -RA SCT018 SCT025 BKN090 29/27 Q1007 TEMPO 1500 SHRA=
VABB,090600Z,27007G17KT 3000 HZ SCT018 SCT025 BKN090 29/28 Q1007 NOSIG=
VABB,090630Z,28007G17KT 3000 HZ SCT018 SCT025 BKN090 30/28 Q1007 NOSIG=
VABB,090700Z,29011KT 3000 VCSH SCT018 SCT025 BKN090 30/27 Q1006 TEMPO 1500 SHRA=
VABB,090730Z,31007KT 2500 VCSH SCT018 FEW025TCU BKN090 28/27 Q1006 TEMPO 1500 SHRA=
VABB,090800Z,35008KT 2500 BR SCT018 FEW025TCU BKN090 28/27 Q1006 NOSIG=
VABB,090830Z,30005KT 2500 BR SCT018 FEW025TCU BKN090 29/28 Q1005 NOSIG=
VABB,090900Z,27011KT 2500 HZ SCT018 FEW025TCU BKN090 30/28 Q1005 NOSIG=
VABB,090930Z,29008KT 3000 HZ SCT018 FEW025TCU BKN090 29/27 Q1005 NOSIG=
VABB,091000Z,28011KT 3500 HZ SCT018 SCT025 BKN090 30/27 Q1005 NOSIG=
VABB,091030Z,27011KT 3000 HZ SCT018 SCT025 BKN090 30/27 Q1005 NOSIG=
VABB,091100Z,32009KT 3000 HZ SCT018 SCT025 BKN090 30/27 Q1005 NOSIG=
VABB,091130Z,28010KT 3000 HZ SCT018 SCT025 BKN090 30/27 Q1005 NOSIG=
VABB,091200Z,32008KT 3000 HZ SCT018 SCT025 BKN090 30/27 Q1005 NOSIG=
VABB,091230Z,31010KT 3000 VCSH SCT015 SCT025 BKN100 29/29 Q1005 NOSIG=
VABB,091300Z,28009KT 3000 HZ SCT015 SCT025 BKN100 29/29 Q1005 NOSIG=
VABB,091330Z,30006KT 3000 HZ SCT015 SCT025 BKN100 29/29 Q1005 NOSIG=
VABB,091400Z,29006KT 3000 HZ SCT018 SCT025 BKN100 29/27 Q1005 NOSIG=
VABB,091430Z,30007KT 3000 HZ SCT018 SCT025 BKN100 29/27 Q1006 NOSIG=
VABB,091500Z,30007KT 3000 HZ SCT018 SCT025 BKN100 29/27 Q1006 NOSIG=
VABB,091530Z,27007KT 3000 HZ SCT018 SCT025 BKN100 29/27 Q1006 NOSIG=
VABB,091600Z,28007KT 3000 HZ SCT018 SCT025 BKN100 29/27 Q1006 NOSIG=
VABB,091630Z,28007KT 3000 HZ SCT018 SCT025 BKN100 29/27 Q1006 NOSIG=
VABB,091700Z,28006KT 3000 HZ SCT018 SCT025 BKN100 29/27 Q1007 NOSIG=
VABB,091730Z,30005KT 3000 HZ SCT018 SCT025 BKN100 29/27 Q1006 NOSIG=
VABB,091800Z,26007KT 3000 HZ SCT018 SCT025 BKN100 29/27 Q1007 NOSIG=
VABB,091830Z,27007KT 3000 HZ SCT018 SCT025 BKN100 28/27 Q1006 NOSIG=
VABB,091900Z,27008KT 3000 HZ SCT018 SCT025 BKN100 28/27 Q1006 NOSIG=
VABB,091930Z,25010KT 3000 HZ SCT018 SCT025 BKN100 28/27 Q1006 NOSIG=
VABB,092000Z,28008KT 3000 HZ SCT018 SCT025 BKN100 28/27 Q1006 NOSIG=
VABB,092030Z,27007KT 3000 HZ SCT018 SCT025 BKN100 28/27 Q1006 NOSIG=
VABB,092100Z,26009KT 3000 HZ SCT018 SCT025 BKN100 28/27 Q1005 NOSIG=
VABB,092130Z,26010KT 3000 HZ SCT018 SCT025 BKN100 28/27 Q1005 NOSIG=
VABB,092200Z,27008KT 3000 HZ SCT018 SCT025 BKN100 28/27 Q1005 NOSIG=
VABB,092230Z,26008KT 3000 HZ SCT018 SCT025 BKN100 28/27 Q1005 NOSIG=
VABB,092300Z,27008KT 3000 HZ SCT018 SCT025 BKN100 28/27 Q1005 NOSIG=
VABB,092330Z,24009KT 3000 HZ SCT018 SCT025 BKN100 28/27 Q1005 NOSIG=
VABB,100000Z,28006KT 3000 HZ SCT018 SCT025 BKN100 28/27 Q1005 NOSIG=
VABB,100030Z,27006KT 3000 HZ SCT018 SCT025 BKN100 28/28 Q1005 NOSIG=
VABB,100100Z,25008KT 2500 HZ SCT018 SCT025 BKN100 28/27 Q1005 NOSIG=
VABB,100130Z,25009KT 2500 HZ SCT018 SCT025 BKN100 28/27 Q1006 NOSIG=
VABB,100200Z,25008KT 2500 HZ FEW020 SCT025 BKN100 28/27 Q1006 NOSIG=
VABB,100230Z,25007KT 2500 HZ FEW020 SCT025 BKN100 29/27 Q1007 NOSIG=
VABB,100300Z,25010KT 2500 HZ FEW020 SCT025 BKN100 29/27 Q1007 NOSIG=
VABB,100330Z,25010KT 3000 HZ FEW020 SCT025 BKN100 29/27 Q1007 BECMG 3000 HZ=
VABB,100400Z,26011KT 3000 HZ FEW020 SCT025 29/27 Q1007 BECMG 3000 HZ=
VABB,100430Z,26010KT 3000 HZ FEW020 SCT025 30/27 Q1007 NOSIG=
VABB,100500Z,26007G17KT 3000 HZ FEW020 SCT025 30/27 Q1007 NOSIG=
VABB,100530Z,26007G17KT 3000 HZ SCT020 SCT025 30/27 Q1007 NOSIG=
VABB,100600Z,28008G18KT 3000 HZ FEW020 SCT025 30/27 Q1007 NOSIG=
VABB,100630Z,24009G19KT 3000 HZ FEW020 SCT025 31/27 Q1007 NOSIG=
VABB,100700Z,25013KT 3500 HZ SCT018 SCT025 30/27 Q1007 NOSIG=
VABB,100730Z,26007G17KT 3500 HZ SCT018 SCT025 31/26 Q1006 NOSIG=
VABB,100800Z,25009G19KT 3500 HZ SCT018 SCT025 BKN100 31/26 Q1006 NOSIG=
VABB,100830Z,26011KT 3500 HZ SCT018 SCT025 BKN100 31/27 Q1006 NOSIG=
VABB,101100Z,26011KT 3500 HZ SCT018 FEW025TCU BKN100 30/26 Q1005 NOSIG=
VABB,101130Z,29010KT 3000 SHRA FEW012 SCT018 FEW025TCU BKN090 30/27 Q1005 TEMPO 1500 SHRA=
VABB,101200Z,24011KT 3000 SHRA FEW012 SCT018 FEW025TCU BKN090 30/27 Q1005 NOSIG=
VABB,101230Z,25011KT 3000 HZ FEW012 SCT018 FEW025TCU BKN090 29/27 Q1005 NOSIG=
VABB,101300Z,26008KT 3000 HZ FEW012 SCT018 FEW025TCU BKN090 29/27 Q1005 NOSIG=
VABB,101330Z,25010KT 3000 HZ SCT018 FEW025TCU BKN090 29/26 Q1005 NOSIG=
VABB,101400Z,27008KT 3000 HZ SCT018 FEW025TCU BKN100 29/28 Q1006 NOSIG=
VABB,101430Z,25010KT 3000 HZ SCT018 FEW025TCU BKN100 29/26 Q1006 NOSIG=
VABB,101500Z,26008KT 3000 HZ SCT018 SCT025 BKN100 29/26 Q1006 NOSIG=
VABB,101530Z,23006KT 3000 HZ SCT018 SCT025 BKN100 29/27 Q1006 NOSIG=
VABB,101600Z,22006KT 3000 HZ SCT018 SCT025 BKN100 29/27 Q1007 NOSIG=
VABB,101630Z,23007KT 3000 HZ SCT018 SCT025 BKN100 29/27 Q1007 NOSIG=
VABB,101700Z,22004KT 3000 HZ SCT018 SCT025 BKN100 29/27 Q1007 NOSIG=
VABB,101730Z,24006KT 3000 HZ SCT018 SCT025 BKN100 29/27 Q1007 NOSIG=
VABB,101800Z,23006KT 3000 HZ SCT018 SCT025 BKN100 29/27 Q1007 NOSIG=
VABB,101830Z,24007KT 3000 HZ SCT018 SCT025 BKN100 29/27 Q1007 NOSIG=
VABB,101900Z,24006KT 3000 HZ SCT018 SCT025 BKN100 29/27 Q1006 NOSIG=
VABB,101930Z,23005KT 3000 HZ SCT018 SCT025 BKN100 29/27 Q1006 NOSIG=
VABB,102000Z,24006KT 3000 HZ SCT018 SCT025 BKN100 29/27 Q1006 NOSIG=
VABB,102030Z,23007KT 3000 HZ SCT018 SCT025 BKN100 28/27 Q1006 NOSIG=
VABB,102100Z,23008KT 3000 BR SCT018 SCT025 BKN100 28/27 Q1006 NOSIG=
VABB,102130Z,21005KT 3000 BR SCT018 SCT025 BKN100 28/27 Q1005 NOSIG=
VABB,102200Z,26007KT 3000 BR FEW018 SCT025 BKN100 28/27 Q1005 NOSIG=
VABB,102230Z,26005KT 3000 BR FEW018 SCT025 BKN100 28/27 Q1005 NOSIG=
VABB,102300Z,25007KT 3000 BR FEW020 SCT025 28/27 Q1005 NOSIG=
VABB,102330Z,24007KT 3000 BR FEW020 SCT025 28/27 Q1006 NOSIG=
VABB,110000Z,24005KT 2500 -DZ SCT018 SCT025 BKN100 28/27 Q1006 TEMPO 1500 SHRA=
VABB,110030Z,23004KT 2500 -DZ SCT018 SCT025 BKN100 28/27 Q1006 TEMPO 1500 SHRA=
VABB,110100Z,26005KT 2500 BR SCT018 FEW025TCU BKN090 28/27 Q1006 NOSIG=
VABB,110130Z,23006KT 3000 BR SCT018 FEW025TCU BKN090 28/27 Q1006 NOSIG=
VABB,110200Z,28005KT 3000 HZ SCT018 SCT025 BKN100 28/27 Q1007 NOSIG=
VABB,110230Z,27006KT 3000 HZ SCT018 SCT025 29/27 Q1007 NOSIG=
VABB,110300Z,32005KT 3000 HZ SCT018 SCT025 29/27 Q1007 NOSIG=
VABB,110330Z,25009KT 3500 HZ SCT018 SCT025 29/27 Q1007 NOSIG=
VABB,110400Z,28009KT 3500 HZ SCT018 SCT025 29/27 Q1008 NOSIG=
VABB,110430Z,26009KT 4000 HZ SCT020 SCT025 30/27 Q1007 NOSIG=
VABB,110500Z,27012KT 4000 HZ SCT020 SCT025 30/27 Q1007 NOSIG=
VABB,110530Z,28010KT 4000 HZ SCT020 SCT025 31/26 Q1007 NOSIG=
VABB,110600Z,27012KT 4000 HZ SCT020 SCT025 31/26 Q1007 BECMG 5000 HZ=
VABB,110630Z,28012KT 5000 HZ SCT020 SCT025 31/27 Q1007 NOSIG=
VABB,110700Z,24007G17KT 5000 HZ SCT020 SCT025 31/27 Q1007 NOSIG=
VABB,110730Z,26010G20KT 5000 HZ SCT020 SCT025 31/27 Q1007 NOSIG=
VABB,110800Z,28007G17KT 5000 HZ SCT020 SCT025 31/26 Q1006 NOSIG=
VABB,110830Z,28007G17KT 5000 HZ SCT020 SCT025 31/27 Q1006 NOSIG=
VABB,110900Z,27009G19KT 5000 HZ SCT020 SCT025 31/26 Q1006 NOSIG=
VABB,110930Z,30007G17KT 5000 HZ SCT020 SCT025 31/29 Q1006 NOSIG=
VABB,111000Z,26007G17KT 5000 HZ SCT020 SCT025 30/26 Q1005 TEMPO 3000 -SHRA=
VABB,111030Z,27007G17KT 5000 HZ SCT020 SCT025 31/26 Q1005 NOSIG=
VABB,111100Z,29012KT 5000 HZ SCT020 SCT025 30/26 Q1005 NOSIG=
VABB,111130Z,28011KT 5000 HZ SCT020 SCT025 31/25 Q1005 NOSIG=
VABB,111200Z,30007G17KT 5000 HZ SCT020 SCT025 31/26 Q1006 NOSIG=
VABB,111230Z,31010KT 4000 HZ SCT020 SCT025 30/28 Q1006 NOSIG=
VABB,111300Z,27012KT 4000 HZ SCT020 SCT025 30/26 Q1006 NOSIG=
VABB,111330Z,26009KT 3000 -DZ FEW012 SCT018 FEW025TCU BKN090 29/26 Q1006 TEMPO 1500 SHRA=
VABB,111400Z,25007G17KT 3000 BR FEW012 SCT018 FEW025TCU BKN090 29/26 Q1006 TEMPO 1500 SHRA=
VABB,111430Z,27009KT 3000 HZ FEW012 SCT018 FEW025TCU BKN090 29/25 Q1007 NOSIG=
VABB,111500Z,27009KT 3000 HZ FEW012 SCT018 FEW025TCU BKN090 29/26 Q1007 NOSIG=
VABB,111530Z,26008KT 3000 HZ SCT018 FEW025TCU BKN100 29/26 Q1007 TEMPO 1500 SHRA=
VABB,111600Z,28011KT 3000 -DZ SCT018 SCT025 FEW025TCU 28/26 Q1008 TEMPO 1500 SHRA=
VABB,111630Z,25010KT 3000 HZ SCT018 SCT025 FEW025TCU 28/26 Q1008 NOSIG=
VABB,111700Z,25010KT 3000 HZ SCT018 SCT025 28/25 Q1008 NOSIG=
VABB,111730Z,28008KT 3000 HZ SCT018 SCT025 28/25 Q1008 NOSIG=
VABB,111800Z,26009KT 3000 HZ SCT018 SCT025 28/25 Q1008 NOSIG=
VABB,111830Z,24010KT 3000 HZ SCT018 SCT025 28/26 Q1008 NOSIG=
VABB,111900Z,24010KT 3000 HZ SCT018 SCT025 28/26 Q1008 NOSIG=
VABB,111930Z,25010KT 3000 HZ SCT018 SCT025 28/26 Q1007 NOSIG=
VABB,112000Z,25010KT 3000 HZ SCT018 SCT025 29/26 Q1007 NOSIG=
VABB,112030Z,25008KT 3000 HZ SCT018 SCT025 28/25 Q1007 NOSIG=
VABB,112100Z,24009KT 3000 HZ SCT018 SCT025 28/26 Q1006 NOSIG=
VABB,112130Z,24007KT 3000 -DZ FEW012 SCT018 FEW025TCU BKN090 28/26 Q1006 TEMPO 1500 SHRA=
VABB,112200Z,27004KT 3000 BR FEW012 SCT018 FEW025TCU BKN100 28/26 Q1006 NOSIG=
VABB,112230Z,27006KT 3000 HZ SCT018 SCT025 28/26 Q1006 NOSIG=
VABB,112300Z,25007KT 3000 HZ SCT018 SCT025 28/26 Q1006 NOSIG=
VABB,112330Z,27007KT 3000 HZ SCT018 SCT025 28/27 Q1006 NOSIG=
VABB,120000Z,24007KT 3000 HZ SCT020 28/25 Q1007 NOSIG=
VABB,120030Z,26005KT 3000 HZ SCT018 28/25 Q1007 NOSIG=
VABB,120100Z,24006KT 3000 HZ SCT018 SCT025 28/25 Q1007 NOSIG=
VABB,120130Z,24005KT 3000 HZ SCT018 SCT025 28/25 Q1007 NOSIG=
VABB,120200Z,24005KT 3500 HZ SCT018 SCT025 29/26 Q1007 TEMPO 3000 -SHRA=
VABB,120230Z,25009KT 3500 HZ FEW020 SCT025 29/26 Q1008 NOSIG=
VABB,120300Z,24009KT 3500 HZ FEW020 SCT025 29/25 Q1008 NOSIG=
VABB,120330Z,25009KT 3500 HZ FEW020 SCT025 29/25 Q1008 NOSIG=
VABB,120400Z,25010KT 3500 HZ FEW020 SCT025 30/25 Q1008 NOSIG=
VABB,120430Z,23011KT 3500 HZ FEW020 SCT025 30/25 Q1008 NOSIG=
VABB,120500Z,25010KT 4000 HZ FEW020 SCT025 30/25 Q1009 NOSIG=
VABB,120530Z,24011KT 4000 HZ SCT020 SCT025 31/26 Q1009 NOSIG=
VABB,120600Z,24012KT 3000 VCSH SCT018 SCT025 30/25 Q1009 TEMPO 1500 SHRA=
VABB,120630Z,23007KT 4000 HZ SCT018 SCT025 29/26 Q1009 NOSIG=
VABB,120700Z,25008KT 4000 HZ SCT018 SCT025 30/26 Q1008 NOSIG=
VABB,120730Z,27012KT 4000 HZ SCT018 SCT025 30/25 Q1008 NOSIG=
VABB,120800Z,25016KT 3000 VCSH FEW012 SCT018 SCT025 BKN090 28/23 Q1008 NOSIG=
VABB,120830Z,27008KT 3000 HZ SCT018 SCT025 30/26 Q1008 NOSIG=
VABB,120900Z,27010KT 3000 HZ SCT018 SCT025 30/26 Q1007 NOSIG=
VABB,120930Z,27008KT 3500 HZ SCT018 FEW025TCU BKN090 30/26 Q1007 NOSIG=
VABB,121000Z,26011KT 4000 HZ SCT018 FEW025TCU BKN090 31/25 Q1006 NOSIG=
VABB,121030Z,24012KT 4000 HZ SCT018 FEW025TCU BKN090 31/26 Q1006 NOSIG=
VABB,121100Z,27009KT 4000 HZ SCT018 SCT025 31/25 Q1006 NOSIG=
VABB,121130Z,29009KT 4000 HZ SCT018 SCT025 30/26 Q1006 NOSIG=
VABB,121200Z,27011KT 4000 HZ SCT018 SCT025 30/25 Q1006 NOSIG=
VABB,121230Z,26009KT 4000 HZ SCT018 SCT025 30/25 Q1006 NOSIG=
VABB,121300Z,26009KT 3500 HZ SCT018 SCT025 29/25 Q1006 NOSIG=
VABB,121330Z,24009KT 3500 HZ SCT018 SCT025 29/25 Q1007 NOSIG=
VABB,121400Z,26007KT 3500 HZ SCT018 SCT025 29/25 Q1007 NOSIG=
VABB,121430Z,25007KT 3500 HZ SCT018 SCT025 29/25 Q1007 BECMG 3000 HZ=
VABB,121500Z,26007KT 3000 HZ SCT018 SCT025 29/25 Q1007 NOSIG=
VABB,121530Z,24007KT 3000 HZ SCT018 SCT025 29/25 Q1008 NOSIG=
VABB,121600Z,26006KT 3000 HZ SCT018 SCT025 29/26 Q1008 NOSIG=
VABB,121630Z,24009KT 3000 HZ SCT018 SCT025 29/26 Q1008 NOSIG=
VABB,121700Z,25007KT 3000 HZ SCT018 SCT025 29/26 Q1008 NOSIG=
VABB,121730Z,24008KT 3000 HZ SCT020 SCT025 29/26 Q1008 NOSIG=
VABB,121800Z,24008KT 3000 HZ SCT020 SCT025 29/26 Q1008 NOSIG=
VABB,121830Z,24010KT 3000 HZ SCT020 SCT025 29/25 Q1008 NOSIG=
VABB,121900Z,24007KT 3000 HZ SCT020 SCT025 29/26 Q1008 NOSIG=
VABB,121930Z,25007KT 3000 HZ SCT020 SCT025 28/26 Q1007 NOSIG=
VABB,122000Z,21005KT 3000 HZ SCT020 SCT025 28/26 Q1007 NOSIG=
VABB,122030Z,21005KT 3000 HZ SCT018 SCT025 28/26 Q1007 NOSIG=
VABB,122100Z,24007KT 3000 HZ SCT018 SCT025 28/26 Q1007 NOSIG=
VABB,122130Z,24006KT 3000 HZ SCT018 SCT025 28/26 Q1007 NOSIG=
VABB,122200Z,23006KT 3000 HZ SCT018 SCT025 28/25 Q1007 NOSIG=
VABB,122230Z,24006KT 3000 HZ SCT018 SCT025 28/25 Q1006 NOSIG=
VABB,122300Z,23006KT 3000 HZ SCT018 SCT025 28/25 Q1006 NOSIG=
VABB,122330Z,23008KT 3000 HZ SCT018 SCT025 28/25 Q1006 NOSIG=
VABB,130000Z,24006KT 3000 HZ SCT018 SCT025 28/25 Q1006 NOSIG=
VABB,130030Z,24006KT 3000 HZ SCT018 SCT025 28/25 Q1006 NOSIG=
VABB,130100Z,24006KT 3000 HZ SCT018 SCT025 28/26 Q1007 NOSIG=
VABB,130130Z,24005KT 3000 HZ SCT018 SCT025 28/26 Q1007 NOSIG=
VABB,130200Z,24008KT 3500 HZ SCT018 FEW025TCU 29/26 Q1007 NOSIG=
VABB,130230Z,23006KT 3500 HZ FEW020 SCT025 29/26 Q1007 NOSIG=
VABB,130300Z,24009KT 3500 HZ FEW020 SCT025 29/26 Q1008 NOSIG=
VABB,130330Z,27008KT 4000 HZ FEW020 SCT025 29/28 Q1008 NOSIG=
VABB,130400Z,24010KT 4000 HZ FEW020 SCT025 30/26 Q1008 NOSIG=
VABB,130430Z,26012KT 4000 HZ FEW020 SCT025 30/26 Q1008 NOSIG=
VABB,130500Z,26010KT 4000 HZ FEW020 SCT025 30/26 Q1008 NOSIG=
VABB,130530Z,26012KT 4000 HZ FEW020 SCT025 31/25 Q1008 NOSIG=
VABB,130600Z,27012KT 4000 HZ FEW020 SCT025 31/26 Q1007 NOSIG=
VABB,130630Z,27012KT 4000 HZ FEW020 SCT025 30/24 Q1007 NOSIG=
VABB,130700Z,25013KT 4000 HZ SCT018 SCT025 31/26 Q1007 NOSIG=
VABB,130730Z,30011KT 3000 VCSH FEW012 SCT018 SCT025 BKN100 29/24 Q1007 TEMPO 1500 SHRA=
VABB,130800Z,25011KT 4000 HZ SCT018 SCT025 31/26 Q1006 NOSIG=
VABB,130830Z,28011KT 4000 HZ SCT018 SCT025 31/25 Q1006 NOSIG=
VABB,130900Z,27013KT 4000 HZ SCT018 SCT025 31/26 Q1006 NOSIG=
VABB,130930Z,27010KT 4000 HZ SCT020 SCT025 31/26 Q1005 NOSIG=
VABB,131000Z,28010KT 4000 HZ SCT020 SCT025 31/26 Q1005 NOSIG=
VABB,131030Z,26009KT 4000 HZ SCT020 SCT025 FEW025TCU 30/26 Q1005 NOSIG=
VABB,131100Z,29012KT 4000 HZ FEW020 SCT025 FEW025TCU 31/26 Q1005 NOSIG=
VABB,131130Z,27011KT 4000 HZ FEW020 SCT025 FEW025TCU 30/26 Q1005 NOSIG=
VABB,131200Z,26012KT 4000 HZ FEW020 SCT025 30/26 Q1005 NOSIG=
VABB,131230Z,25012KT 4000 HZ SCT020 SCT025 30/26 Q1005 NOSIG=
VABB,131300Z,26010KT 4000 HZ SCT020 FEW025TCU 29/26 Q1005 NOSIG=
VABB,131330Z,29008KT 3000 VCSH SCT018 SCT025 FEW025TCU 29/25 Q1005 NOSIG=
VABB,131400Z,26004KT 3000 -DZ SCT018 SCT025 FEW025TCU 29/26 Q1006 TEMPO 1500 SHRA=
VABB,131430Z,33006KT 3000 HZ SCT018 SCT025 FEW025TCU 29/26 Q1006 NOSIG=
VABB,131500Z,25009KT 3000 HZ SCT018 SCT025 29/26 Q1006 NOSIG=
VABB,131530Z,24010KT 3000 HZ SCT018 SCT025 29/26 Q1007 NOSIG=
VABB,131600Z,24007KT 3000 HZ SCT018 SCT025 29/26 Q1007 NOSIG=
VABB,131630Z,22006KT 3000 HZ SCT018 SCT025 29/26 Q1007 NOSIG=
VABB,131700Z,25008KT 3000 HZ SCT018 SCT025 29/26 Q1007 NOSIG=
VABB,131730Z,25008KT 3000 HZ SCT018 SCT025 29/26 Q1007 NOSIG=
VABB,131800Z,26006KT 3000 HZ SCT018 SCT025 29/26 Q1007 NOSIG=
VABB,131830Z,25008KT 3000 HZ SCT018 SCT025 29/26 Q1007 NOSIG=
VABB,131900Z,24008KT 3000 HZ SCT018 SCT025 29/26 Q1007 NOSIG=
VABB,131930Z,23007KT 3000 HZ SCT018 SCT025 29/26 Q1007 NOSIG=
VABB,132000Z,24007KT 3000 HZ SCT018 SCT025 29/26 Q1007 NOSIG=
VABB,132030Z,24006KT 3000 HZ SCT018 SCT025 28/26 Q1006 NOSIG=
VABB,132100Z,22005KT 3000 HZ SCT018 SCT025 29/26 Q1006 NOSIG=
VABB,132130Z,24009KT 2200 HZ FEW012 SCT018 BKN090 29/26 Q1006 TEMPO 1500 SHRA=
VABB,132200Z,30003KT 2500 HZ SCT018 SCT025 27/26 Q1006 NOSIG=
VABB,132230Z,25005KT 2500 HZ SCT018 SCT025 27/26 Q1006 NOSIG=
VABB,132300Z,24007KT 2500 HZ SCT018 SCT025 28/26 Q1006 NOSIG=
VABB,132330Z,25007KT 2500 HZ SCT018 SCT025 28/26 Q1006 NOSIG=
VABB,140000Z,30006KT 2500 -RA SCT018 SCT025 27/26 Q1006 TEMPO 2100 SHRA=
VABB,140030Z,14004KT 2500 BR SCT018 SCT025 27/26 Q1006 NOSIG=
VABB,140100Z,10004KT 2500 HZ SCT018 SCT025 27/26 Q1006 NOSIG=
VABB,140130Z,09005KT 2500 HZ SCT018 SCT025 27/26 Q1007 NOSIG=
VABB,140200Z,11007KT 2500 HZ SCT018 SCT025 26/26 Q1007 NOSIG=
VABB,140230Z,33004KT 2500 VCSH FEW012 SCT018 FEW025TCU BKN090 26/26 Q1008 TEMPO 1500 SHRA=
VABB,140300Z,19004KT 1500 R27/1800 RA FEW012 SCT015 FEW025TCU OVC080 26/26 Q1008 TEMPO 0800 +SHRA=
VABB,140330Z,12004KT 2100 VCSH FEW012 SCT015 FEW025TCU BKN090 26/25 Q1008 TEMPO 1500 SHRA=
VABB,140400Z,20004KT 2100 VCSH FEW012 SCT015 FEW025TCU BKN090 26/26 Q1008 TEMPO 1500 SHRA=
VABB,140430Z,13005KT 2100 VCSH FEW012 SCT015 FEW025TCU BKN090 27/26 Q1008 TEMPO 1500 SHRA=
VABB,140500Z,12005KT 2500 HZ FEW012 SCT015 FEW025TCU BKN090 28/26 Q1008 NOSIG=
VABB,140530Z,10007KT 2500 HZ FEW012 SCT015 FEW025TCU BKN090 30/27 Q1008 NOSIG=
VABB,140600Z,21003KT 2500 HZ SCT015 FEW025TCU BKN090 29/26 Q1008 NOSIG=
VABB,140630Z,27005KT 2500 HZ SCT015 FEW025TCU BKN090 30/26 Q1007 BECMG 3000 HZ=
VABB,140700Z,30009KT 3000 HZ SCT018 FEW025TCU BKN090 31/25 Q1007 NOSIG=
VABB,140730Z,25011KT 3000 HZ SCT018 FEW025TCU BKN090 31/25 Q1006 NOSIG=
VABB,140800Z,28008KT 3000 HZ SCT018 FEW025TCU BKN090 31/25 Q1006 NOSIG=
VABB,140830Z,23009KT 3000 HZ SCT018 FEW025TCU BKN090 30/24 Q1006 NOSIG=
VABB,140900Z,22009KT 3000 VCSH FEW012 SCT018 FEW025TCU BKN090 30/24 Q1005 TEMPO 1500 SHRA=
VABB,140930Z,25004KT 3000 VCSH FEW012 SCT018 FEW025TCU BKN090 29/24 Q1005 TEMPO 1500 SHRA=
VABB,141000Z,25004KT 3000 VCSH FEW012 SCT018 FEW025TCU BKN090 29/24 Q1005 TEMPO 1500 SHRA=
VABB,141030Z,10011KT 2500 VCSH FEW012 SCT018 FEW025TCU OVC080 28/26 Q1005 TEMPO 1500 SHRA=
VABB,141100Z,09010KT 1600 SHRA SCT012 SCT018 FEW025TCU OVC080 26/25 Q1005 TEMPO 0800 +SHRA=
VABB,141130Z,15008KT 0800 R27/1000 +RA SCT010 SCT018 FEW025TCU OVC080 25/25 Q1005 TEMPO 1500 SHRA=
VABB,141200Z,17005KT 0800 R27/1000 +RA SCT010 SCT018 FEW025TCU OVC080 25/25 Q1006 TEMPO 0300 +RA=
VABB,141230Z,00000KT 0700 R27/1000 +RA SCT010 SCT018 FEW025TCU OVC080 24/24 Q1006 TEMPO 0300 +RA=
VABB,141300Z,10006KT 1800 -DZ SCT012 SCT018 FEW025 BKN090 25/24 Q1006 TEMPO 0800 +RA=
VABB,141330Z,07005KT 1500 VCSH SCT012 SCT018 FEW025TCU BKN090 25/25 Q1006 TEMPO 0800 SHRA=
VABB,141400Z,07006KT 2100 -DZ FEW012 SCT018 FEW025TCU BKN090 25/25 Q1006 NOSIG=
VABB,141430Z,06005KT 2200 BR FEW012 SCT018 FEW025TCU BKN090 25/25 Q1006 NOSIG=
VABB,141500Z,14006KT 2200 BR FEW012 SCT018 FEW025TCU BKN090 25/25 Q1006 TEMPO 1500 SHRA=
VABB,141530Z,12005KT 2200 BR FEW012 SCT018 FEW025TCU BKN090 25/25 Q1007 TEMPO 1500 SHRA=
VABB,141600Z,12005KT 2200 BR FEW012 SCT018 FEW025TCU OVC090 25/25 Q1007 TEMPO 1500 SHRA=
VABB,141630Z,12006KT 2200 BR FEW012 SCT018 FEW025TCU OVC090 26/25 Q1007 TEMPO 1500 SHRA=
VABB,141700Z,14005KT 2200 BR FEW012 SCT018 FEW025TCU OVC090 26/25 Q1007 TEMPO 1500 SHRA=
VABB,141730Z,00000KT 2200 BR FEW012 SCT018 FEW025TCU OVC090 26/25 Q1007 TEMPO 1500 SHRA=
VABB,141800Z,VRB03KT 2200 BR FEW012 SCT018 FEW025TCU OVC090 26/25 Q1007 TEMPO 1500 SHRA=
VABB,141830Z,15004KT 2200 BR FEW012 SCT018 FEW025TCU OVC090 26/25 Q1007 TEMPO 1500 SHRA=
VABB,141900Z,00000KT 2200 BR FEW012 SCT018 FEW025TCU OVC090 26/25 Q1007 TEMPO 1500 SHRA=
VABB,141930Z,00000KT 2200 BR FEW012 SCT018 FEW025TCU OVC090 26/25 Q1006 TEMPO 1500 SHRA=
VABB,142000Z,14004KT 2100 BR FEW012 SCT018 FEW025TCU OVC090 27/25 Q1006 TEMPO 1500 SHRA=
VABB,142030Z,07005KT 2200 BR FEW012 SCT018 FEW025TCU OVC090 26/25 Q1006 TEMPO 1500 SHRA=
VABB,142100Z,12007KT 2200 BR FEW012 SCT018 FEW025TCU OVC090 26/25 Q1006 TEMPO 1500 SHRA=
VABB,142130Z,10007KT 2200 BR FEW012 SCT020 FEW025TCU OVC090 26/25 Q1006 TEMPO 1500 SHRA=
VABB,142200Z,08005KT 2200 BR FEW012 SCT020 FEW025TCU BKN090 26/25 Q1006 NOSIG=
VABB,142230Z,09004KT 2200 BR FEW012 SCT020 FEW025TCU BKN090 26/25 Q1005 NOSIG=
VABB,142300Z,11005KT 2200 BR FEW012 SCT020 FEW025TCU BKN090 26/25 Q1005 NOSIG=
VABB,142330Z,12003KT 2200 BR SCT018 SCT025 BKN090 26/25 Q1005 NOSIG=
VABB,150000Z,10004KT 2200 BR SCT018 SCT025 BKN090 26/25 Q1006 NOSIG=
VABB,150030Z,12004KT 2200 BR SCT018 SCT025 BKN090 26/25 Q1006 NOSIG=
VABB,150100Z,11006KT 2200 BR SCT018 SCT025 BKN090 26/25 Q1006 NOSIG=
VABB,150130Z,11004KT 2500 BR SCT018 SCT025 BKN090 26/25 Q1007 NOSIG=
VABB,150200Z,07005KT 2500 BR SCT018 SCT025 BKN090 26/25 Q1007 NOSIG=
VABB,150230Z,03003KT 2500 VCSH SCT018 SCT025 BKN090 27/25 Q1007 TEMPO 1500 SHRA=
VABB,150300Z,02003KT 2200 -RA SCT018 FEW025TCU BKN090 27/25 Q1007 TEMPO 1500 SHRA=
VABB,150330Z,00000KT 2500 DZ SCT018 FEW025TCU BKN090 27/26 Q1008 TEMPO 1500 SHRA=
VABB,150400Z,00000KT 2200 HZ SCT018 FEW025TCU BKN090 28/26 Q1008 TEMPO 1500 SHRA=
VABB,150430Z,17006KT 2200 HZ SCT018 FEW025TCU BKN090 27/26 Q1008 NOSIG=
VABB,150500Z,14005KT 2500 HZ SCT018 SCT025 BKN090 28/25 Q1008 NOSIG=
VABB,150530Z,22005KT 2500 HZ SCT018 SCT025 BKN090 29/25 Q1008 NOSIG=
VABB,150600Z,26004KT 3000 HZ SCT018 SCT025 BKN100 30/26 Q1008 NOSIG=
VABB,150630Z,25011KT 3500 HZ SCT018 SCT025 BKN100 31/25 Q1008 NOSIG=
VABB,150700Z,25009KT 4000 HZ SCT018 SCT025 BKN100 31/26 Q1008 NOSIG=
VABB,150730Z,24012KT 4000 HZ SCT018 SCT025 BKN100 30/25 Q1007 NOSIG=
VABB,150800Z,26008KT 4000 HZ SCT018 SCT025 BKN100 31/26 Q1007 NOSIG=
VABB,150830Z,26010KT 4000 HZ SCT018 SCT025 BKN100 31/26 Q1006 NOSIG=
VABB,150900Z,26011KT 4000 HZ SCT018 SCT025 BKN100 31/26 Q1006 NOSIG=
VABB,150930Z,27010KT 4000 HZ SCT018 SCT025 BKN100 30/25 Q1006 NOSIG=
VABB,151000Z,25009KT 4000 HZ SCT018 SCT025 BKN100 30/25 Q1006 NOSIG=
VABB,151030Z,24011KT 4000 HZ SCT018 SCT025 BKN100 30/25 Q1005 NOSIG=
VABB,151100Z,26010KT 4000 VCSH FEW012 SCT018 SCT025 BKN090 30/29 Q1005 TEMPO 1500 SHRA=
VABB,151130Z,27007G17KT 2100 -RA FEW012 SCT018 FEW025TCU BKN090 28/25 Q1005 TEMPO 1500 SHRA=
VABB,151200Z,26007KT 3000 VCSH FEW012 SCT018 FEW025TCU BKN090 28/28 Q1005 TEMPO 1500 SHRA=
VABB,151230Z,25008KT 3500 HZ SCT018 SCT025 BKN090 29/26 Q1006 NOSIG=
VABB,151300Z,26009KT 3500 HZ FEW018 SCT025 BKN100 29/25 Q1006 NOSIG=
VABB,151330Z,25009KT 3500 HZ FEW018 SCT025 BKN100 29/25 Q1006 NOSIG=
VABB,151400Z,25007KT 4000 BR FEW020 SCT100 29/25 Q1006 NOSIG=
VABB,151430Z,24009KT 4000 BR SCT020 SCT100 29/26 Q1006 NOSIG=
VABB,151500Z,23008KT 4000 HZ SCT020 SCT100 29/25 Q1006 NOSIG=
VABB,151530Z,24008KT 3500 HZ SCT018 SCT025 BKN090 29/26 Q1007 BECMG 3000 HZ=
VABB,151600Z,23006KT 3000 HZ SCT018 SCT025 BKN090 29/26 Q1007=
VABB,151630Z,23007KT 3000 HZ SCT018 SCT025 BKN090 29/25 Q1008 NOSIG=
VABB,151700Z,23005KT 3000 HZ SCT018 SCT025 BKN090 29/25 Q1008 NOSIG=
VABB,151730Z,24006KT 3000 HZ SCT018 SCT025 BKN090 29/26 Q1008 NOSIG=
VABB,151800Z,23007KT 3000 HZ SCT018 FEW025TCU BKN090 29/26 Q1007 NOSIG=
VABB,151830Z,22006KT 3000 HZ SCT018 FEW025TCU BKN090 29/26 Q1007 NOSIG=
VABB,151900Z,25006KT 3000 HZ SCT018 FEW025TCU BKN090 28/27 Q1007 NOSIG=
VABB,151930Z,24008KT 3000 HZ SCT018 FEW025TCU BKN090 28/26 Q1006 NOSIG=
VABB,152000Z,23008KT 3000 HZ SCT018 FEW025TCU BKN090 29/26 Q1006 NOSIG=
VABB,152030Z,24007KT 3000 HZ SCT018 FEW025TCU BKN090 28/26 Q1006 NOSIG=
VABB,152100Z,24011KT 2500 HZ SCT018 FEW025TCU BKN090 29/26 Q1006 NOSIG=
VABB,152130Z,25011KT 2500 HZ SCT018 FEW025TCU BKN090 29/26 Q1005 NOSIG=
VABB,152200Z,25008KT 2500 HZ SCT018 FEW025TCU BKN090 29/26 Q1005 NOSIG=
VABB,152230Z,24009KT 2500 -DZ SCT018 FEW025TCU BKN090 28/26 Q1005 TEMPO 1500 SHRA=
VABB,152300Z,24009KT 2500 HZ SCT018 FEW025TCU BKN090 28/25 Q1005 TEMPO 1500 SHRA=
VABB,152330Z,25008KT 2500 HZ SCT018 FEW025TCU BKN090 28/26 Q1005 NOSIG=
VABB,160000Z,24008KT 2500 HZ SCT018 FEW025TCU BKN090 28/26 Q1005 NOSIG=
VABB,160030Z,22010KT 2500 HZ SCT018 FEW025TCU BKN090 28/26 Q1005 TEMPO 1500 SHRA=
VABB,160100Z,22008KT 3000 HZ SCT018 FEW025TCU BKN090 28/25 Q1006 NOSIG=
VABB,160130Z,22009KT 3000 HZ SCT018 FEW025TCU BKN090 28/25 Q1006 NOSIG=
VABB,160200Z,23005KT 3000 HZ SCT018 FEW025TCU BKN090 28/26 Q1006 NOSIG=
VABB,160230Z,22004KT 3000 HZ SCT018 FEW025TCU BKN090 28/26 Q1006 NOSIG=
VABB,160300Z,23008KT 2500 VCSH FEW012 SCT018 FEW025TCU OVC090 29/26 Q1007 TEMPO 1500 SHRA=
VABB,160330Z,26008KT 2100 BR FEW012 SCT018 FEW025TCU OVC090 28/27 Q1007 NOSIG=
VABB,160400Z,25009KT 2500 HZ FEW012 SCT018 FEW025TCU BKN090 29/26 Q1007 NOSIG=
VABB,160430Z,26012KT 2500 HZ FEW012 SCT018 FEW025TCU BKN090 29/26 Q1007 NOSIG=
VABB,160500Z,26012KT 2500 HZ FEW012 SCT018 FEW025TCU BKN090 30/26 Q1007 NOSIG=
VABB,160530Z,25011KT 2500 HZ FEW012 SCT018 FEW025TCU BKN090 30/27 Q1007 NOSIG=
VABB,160600Z,24010KT 3000 HZ FEW012 SCT018 FEW025TCU OVC090 30/26 Q1007 NOSIG=
VABB,160630Z,26013KT 3000 HZ FEW012 SCT018 FEW025TCU OVC090 30/26 Q1007 NOSIG=
VABB,160700Z,26011KT 3000 HZ FEW012 SCT018 FEW025TCU OVC090 30/26 Q1007 NOSIG=
VABB,160730Z,26012KT 3000 VCSH FEW012 SCT018 FEW025TCU OVC090 30/26 Q1007 NOSIG=
VABB,160800Z,25013KT 3000 VCSH FEW012 SCT018 FEW025TCU OVC090 30/26 Q1006 NOSIG=
VABB,160830Z,25012KT 3000 VCSH FEW012 SCT018 FEW025TCU OVC090 30/26 Q1006 NOSIG=
VABB,160900Z,26012KT 3000 HZ FEW012 SCT018 FEW025TCU OVC090 30/26 Q1006 NOSIG=
VABB,160930Z,25007G17KT 3000 -DZ FEW012 SCT018 FEW025TCU OVC090 29/26 Q1006 TEMPO 1500 SHRA=
VABB,161000Z,25012KT 3000 VCSH FEW012 SCT018 FEW025TCU OVC080 30/26 Q1005 NOSIG=
VABB,161030Z,23010KT 3000 HZ FEW012 SCT018 FEW025TCU OVC080 28/27 Q1005 TEMPO 1500 SHRA=
VABB,161100Z,24009G19KT 3000 HZ FEW012 SCT018 FEW025TCU OVC080 29/27 Q1005 NOSIG=
VABB,161130Z,24013KT 3000 HZ FEW012 SCT018 FEW025TCU OVC080 30/27 Q1005 TEMPO 1500 SHRA=
VABB,161200Z,24010KT 3000 HZ FEW012 SCT018 FEW025TCU OVC090 29/26 Q1005 NOSIG=
VABB,161230Z,24008KT 1500 RA FEW012 SCT018 FEW025TCU OVC090 29/26 Q1005 TEMPO 0800 +RA=
VABB,161300Z,25009KT 2500 -DZ FEW012 SCT018 FEW025TCU OVC090 25/25 Q1005 TEMPO 1500 SHRA=
VABB,161330Z,24008KT 2500 HZ FEW012 SCT018 FEW025TCU OVC090 28/26 Q1005 TEMPO 1500 SHRA=
VABB,161400Z,23006KT 2500 HZ FEW012 SCT018 FEW025TCU OVC090 28/26 Q1005 NOSIG=
VABB,161430Z,24009KT 2500 HZ FEW012 SCT018 FEW025TCU OVC090 28/26 Q1005 NOSIG=
VABB,161500Z,24009KT 2500 HZ FEW012 SCT018 FEW025TCU OVC090 29/26 Q1006 TEMPO 1500 SHRA=
VABB,161530Z,24010KT 2500 HZ FEW012 SCT018 FEW025TCU OVC090 29/26 Q1006 NOSIG=
VABB,161600Z,24010KT 2500 HZ SCT018 BKN090 29/26 Q1006 NOSIG=
VABB,161630Z,24011KT 2500 HZ SCT018 SCT025 BKN100 29/26 Q1007 NOSIG=
VABB,161700Z,24011KT 2500 HZ SCT018 SCT025 BKN100 29/26 Q1007 NOSIG=
VABB,161730Z,23010KT 2500 HZ SCT018 SCT025 BKN100 29/26 Q1007 NOSIG=
VABB,161800Z,23011KT 2500 HZ SCT018 SCT025 BKN100 29/26 Q1007 NOSIG=
VABB,161830Z,24008KT 2500 HZ SCT018 SCT025 BKN100 29/26 Q1006 NOSIG=
VABB,161900Z,24009KT 2500 HZ SCT018 SCT100 29/26 Q1006 NOSIG=
VABB,161930Z,25010KT 2500 HZ SCT018 SCT100 29/26 Q1006 NOSIG=
VABB,162000Z,24008KT 2500 HZ SCT018 SCT100 29/25 Q1006 NOSIG=
VABB,162030Z,24010KT 2500 HZ SCT018 SCT100 29/26 Q1005 NOSIG=
VABB,162100Z,24010KT 2500 HZ SCT018 SCT100 28/26 Q1005 NOSIG=
VABB,162130Z,24010KT 2500 HZ SCT018 SCT100 28/26 Q1005 NOSIG=
VABB,162200Z,22009KT 2500 HZ FEW018 SCT025 BKN100 28/26 Q1004 NOSIG=
VABB,162230Z,23009KT 2500 HZ FEW018 SCT025 BKN100 28/26 Q1004 NOSIG=
VABB,162300Z,24009KT 2500 HZ FEW018 SCT025 BKN100 28/26 Q1004 NOSIG=
VABB,162330Z,22010G20KT 2500 BR SCT018 SCT025 BKN100 27/25 Q1005 NOSIG=
VABB,170000Z,22010KT 2500 BR SCT018 SCT025 BKN100 26/25 Q1005 NOSIG=
VABB,170030Z,23006KT 2500 BR FEW018 SCT025 BKN100 27/25 Q1005 NOSIG=
VABB,170100Z,21007KT 2500 BR FEW018 SCT025 BKN100 27/25 Q1005 BECMG 3000 BR=
VABB,170130Z,23007KT 3000 BR SCT018 BKN100 27/26 Q1005 NOSIG=
VABB,170200Z,22008KT 3000 BR SCT018 BKN100 28/26 Q1006 NOSIG=
VABB,170230Z,23010KT 3000 BR SCT018 BKN100 28/26 Q1006 NOSIG=
VABB,170300Z,24009KT 3000 BR SCT018 BKN100 29/26 Q1006 NOSIG=
VABB,170330Z,24012KT 3000 BR SCT020 BKN100 29/26 Q1006 NOSIG=
VABB,170400Z,26021G31KT 1500 RA FEW010 SCT015 FEW025TCU BKN090 25/24 Q1007 TEMPO 0800 SHRA=
VABB,170430Z,23010KT 2200 -DZ FEW012 SCT018 FEW025TCU BKN090 25/25 Q1007 TEMPO 1500 SHRA=
VABB,170500Z,24009KT 3000 VCSH FEW012 SCT018 FEW025TCU BKN090 28/27 Q1007 TEMPO 1500 SHRA=
VABB,170530Z,24010G20KT 3000 RA FEW012 SCT018 FEW025TCU OVC080 26/25 Q1007 TEMPO 1500 SHRA=
VABB,170600Z,24007KT 0800 R27/1000 +RA FEW012 SCT018 FEW025TCU OVC080 27/27 Q1006 TEMPO 0600 +SHRA=
VABB,170630Z,33012KT 2100 -DZ FEW010 SCT018 FEW025TCU OVC080 26/26 Q1006 TEMPO 1500 SHRA=
VABB,170700Z,27007KT 2100 VCSH FEW012 SCT018 FEW025TCU BKN090 27/27 Q1006 TEMPO 1500 SHRA=
VABB,170730Z,25011G21KT 2100 VCSH FEW012 SCT018 FEW025TCU BKN090 30/27 Q1005 TEMPO 1500 SHRA=
VABB,170800Z,21011KT 2500 VCSH FEW012 SCT018 FEW025TCU BKN090 30/27 Q1005 TEMPO 1500 SHRA=
VABB,170830Z,24009G19KT 2500 VCSH FEW012 SCT018 FEW025TCU BKN090 31/27 Q1004 TEMPO 1500 SHRA=
VABB,170930Z,24013KT 2500 VCSH FEW012 SCT018 FEW025TCU BKN090 30/27 Q1004 TEMPO 1500 SHRA=
VABB,171000Z,24009G19KT 2500 HZ FEW012 SCT018 FEW025TCU BKN090 30/27 Q1004 TEMPO 1500 SHRA=
VABB,171030Z,24007G17KT 2500 HZ FEW012 SCT018 FEW025TCU BKN090 30/27 Q1004 TEMPO 1500 SHRA=
VABB,171100Z,24009G19KT 2500 HZ FEW012 SCT018 FEW025TCU BKN090 30/26 Q1004 TEMPO 1500 SHRA=
VABB,171130Z,24010G20KT 2500 HZ SCT018 FEW025TCU BKN090 30/26 Q1004 TEMPO 1500 SHRA=
VABB,171200Z,23007G17KT 2100 -RA FEW012 SCT018 FEW025TCU BKN090 30/26 Q1004 TEMPO 1500 SHRA=
VABB,171230Z,24012KT 2100 HZ SCT018 FEW025TCU BKN090 39/27 Q1004 NOSIG=
VABB,171300Z,24009KT 2100 HZ SCT018 FEW025TCU BKN090 29/26 Q1004 NOSIG=
VABB,171330Z,24007KT 2500 HZ SCT018 FEW025TCU BKN090 29/26 Q1004 TEMPO 1500 SHRA=
VABB,171500Z,24006KT 2500 HZ SCT018 FEW025TCU BKN090 29/26 Q1004 NOSIG=
VABB,171530Z,23008KT 2500 HZ SCT018 FEW025TCU BKN100 28/26 Q1005 NOSIG=
VABB,171600Z,23006KT 2500 HZ SCT018 FEW025TCU BKN100 28/25 Q1005 NOSIG=
VABB,171630Z,21008KT 2500 HZ SCT018 FEW025TCU BKN100 28/25 Q1005 NOSIG=
VABB,171700Z,22006KT 2500 HZ SCT018 FEW025TCU BKN100 28/25 Q1005 NOSIG=
VABB,171730Z,22007KT 2500 HZ FEW018 FEW025TCU BKN100 28/26 Q1005 NOSIG=
VABB,171800Z,22005KT 2500 HZ FEW018 FEW025TCU BKN100 28/26 Q1005 NOSIG=
VABB,171830Z,23010KT 2500 HZ FEW018 FEW025TCU BKN100 28/26 Q1005 NOSIG=
VABB,171900Z,23007KT 2500 HZ SCT018 FEW025TCU BKN100 28/26 Q1005 TEMPO 1500 SHRA=
VABB,171930Z,23007KT 2500 HZ SCT018 FEW025TCU BKN100 28/26 Q1005 TEMPO 1500 SHRA=
VABB,172100Z,22006KT 2500 HZ FEW018 FEW025TCU SCT100 28/25 Q1004 NOSIG=
VABB,172130Z,22006KT 2500 HZ SCT018 FEW025TCU SCT100 28/26 Q1004 NOSIG=
VABB,172200Z,23006KT 2500 HZ SCT018 FEW025TCU BKN100 28/26 Q1004 NOSIG=
VABB,172230Z,23008KT 2500 HZ SCT018 SCT025 BKN100 28/26 Q1004 NOSIG=
VABB,172300Z,24010KT 2500 HZ SCT018 SCT025 BKN100 28/26 Q1004 NOSIG=
VABB,172330Z,23007KT 2200 -DZ SCT018 SCT025 BKN090 27/25 Q1004 TEMPO 1500 SHRA=
VABB,180000Z,22003KT 2200 BR SCT018 SCT025 BKN090 27/25 Q1004 NOSIG=
VABB,180030Z,23009KT 2200 BR SCT018 SCT025 BKN090 28/26 Q1004 NOSIG=
VABB,180100Z,22008KT 2500 HZ SCT018 FEW025 SCT100 28/26 Q1004 NOSIG=
VABB,180130Z,24005KT 2500 HZ SCT018 SCT025 BKN100 28/26 Q1004 NOSIG=
VABB,180200Z,21009KT 2500 -DZ FEW012 SCT018 SCT025 BKN090 26/26 Q1004 NOSIG=
VABB,180230Z,19005KT 3000 BR SCT020 SCT025 BKN090 27/25 Q1005 NOSIG=
VABB,180300Z,21007KT 3000 BR SCT020 SCT025 BKN090 29/27 Q1005 NOSIG=
VABB,180330Z,22010KT 3000 BR SCT020 SCT025 BKN090 29/27 Q1006 NOSIG=
VABB,180400Z,23011KT 3000 BR SCT020 SCT025 BKN090 29/29 Q1006 NOSIG=
VABB,180430Z,21007G17KT 3000 BR SCT020 SCT025 BKN090 30/26 Q1006 NOSIG=
VABB,180500Z,21007G17KT 3000 BR SCT020 SCT025 BKN090 30/27 Q1006 NOSIG=
VABB,180530Z,21011G21KT 3000 HZ SCT020 SCT025 BKN090 31/27 Q1006 NOSIG=
VABB,180600Z,22008G18KT 3000 HZ SCT020 SCT025 BKN090 30/27 Q1006 NOSIG=
VABB,180630Z,22008G18KT 3000 HZ SCT020 SCT025 BKN090 31/27 Q1005 NOSIG=
VABB,180700Z,21007G17KT 2500 HZ SCT020 SCT025 BKN090 29/26 Q1005 NOSIG=
VABB,180730Z,23011G21KT 2500 HZ SCT020 SCT025 BKN090 30/27 Q1005 BECMG 3000 HZ=
VABB,180800Z,21011G21KT 3000 VCSH SCT020 SCT025 BKN090 30/27 Q1004 TEMPO 1500 SHRA=
VABB,180830Z,24007G17KT 1700 RA FEW012 SCT020 BKN090 27/26 Q1004 TEMPO 0800 +SHRA=
VABB,180900Z,24012G22KT 2500 HZ FEW012 SCT020 BKN090 28/28 Q1004 TEMPO 1500 SHRA=
VABB,180930Z,26007G17KT 2500 HZ FEW012 SCT020 BKN090 30/28 Q1004 TEMPO 1500 SHRA=
VABB,181000Z,23008G18KT 2500 HZ FEW018 SCT025 BKN100 31/27 Q1003 BECMG 3000 HZ=
VABB,181030Z,21010KT 3000 HZ FEW018 SCT025 BKN100 30/27 Q1003 NOSIG=
VABB,181100Z,22014KT 2500 VCSH FEW010 SCT018 BKN090 30/26 Q1003 TEMPO 1500 SHRA=
VABB,181130Z,20005KT 2200 VCSH FEW010 SCT018 BKN090 26/25 Q1004 TEMPO 1500 SHRA=
VABB,181200Z,24009KT 2500 -DZ SCT018 SCT025 BKN090 27/27 Q1004 NOSIG=
VABB,181230Z,23011KT 2500 HZ SCT018 SCT025 BKN090 28/27 Q1004 NOSIG=
VABB,181300Z,22007KT 2500 VCSH SCT018 SCT025 BKN090 28/27 Q1004 NOSIG=
VABB,181330Z,21010KT 2500 -RA FEW010 SCT018 BKN090 28/26 Q1005 TEMPO 1500 SHRA=
VABB,181400Z,25014G24KT 2100 RA FEW010 SCT018 FEW025TCU OVC090 26/26 Q1005 TEMPO 1500 SHRA=
VABB,181430Z,25010KT 2500 -DZ SCT018 FEW025TCU OVC090 26/26 Q1005 TEMPO 1500 SHRA=
VABB,181500Z,24007KT 2500 DZ SCT018 FEW025TCU OVC090 27/26 Q1006 TEMPO 1500 SHRA=
VABB,181530Z,23005KT 2500 -DZ SCT018 FEW025TCU OVC090 27/26 Q1006 TEMPO 1500 SHRA=
VABB,181600Z,15003KT 2500 DZ SCT018 FEW025TCU OVC090 27/26 Q1006 TEMPO 1500 SHRA=
VABB,181630Z,18004KT 2500 BR SCT018 FEW025TCU OVC080 27/26 Q1006 TEMPO 1500 SHRA=
VABB,181700Z,18005KT 2500 BR SCT018 FEW025TCU OVC080 28/26 Q1007 NOSIG=
VABB,181730Z,21008KT 1800 RA FEW012 SCT018 FEW025TCU OVC080 28/26 Q1007 TEMPO 1500 SHRA=
VABB,181800Z,24007KT 2100 VCSH FEW012 SCT018 FEW025TCU OVC080 26/26 Q1007 NOSIG=
VABB,181830Z,21005KT 2500 BR SCT018 FEW025TCU OVC080 27/26 Q1007 NOSIG=
VABB,181900Z,14003KT 2500 BR SCT018 FEW025TCU OVC080 27/27 Q1006 NOSIG=
VABB,181930Z,16006KT 2500 BR SCT018 FEW025TCU OVC080 27/27 Q1006 NOSIG=
VABB,182000Z,18007KT 2500 BR SCT018 FEW025TCU OVC090 27/26 Q1006 NOSIG=
VABB,182030Z,16006KT 2500 BR SCT018 FEW025TCU OVC090 27/26 Q1006 NOSIG=
VABB,182100Z,21007KT 2500 -DZ SCT018 FEW025TCU OVC090 27/26 Q1005 TEMPO 1500 SHRA=
VABB,182130Z,19004KT 2500 BR SCT018 FEW025TCU OVC090 27/27 Q1005 NOSIG=
VABB,182200Z,16004KT 2500 BR SCT018 FEW025TCU BKN090 27/27 Q1005 NOSIG=
VABB,182230Z,17007KT 2500 BR SCT018 FEW025TCU BKN090 27/26 Q1005 NOSIG=
VABB,182300Z,16004KT 1800 -RA SCT015 FEW025TCU BKN090 27/27 Q1005 TEMPO 1500 SHRA=
VABB,182330Z,19009KT 2500 BR SCT018 FEW025TCU BKN090 28/27 Q1005 TEMPO 1500 SHRA=
VABB,190000Z,21007KT 2500 BR SCT018 FEW025TCU BKN090 28/26 Q1005 NOSIG=
VABB,190030Z,19006KT 2500 BR SCT018 FEW025TCU BKN090 28/26 Q1005 NOSIG=
VABB,190100Z,24007KT 2500 BR SCT018 FEW025TCU BKN100 28/26 Q1006 NOSIG=
VABB,190130Z,21006KT 2500 BR SCT018 FEW025TCU BKN100 28/27 Q1006 BECMG 3000 BR=
VABB,190200Z,19006KT 3000 HZ SCT018 FEW025TCU BKN100 28/26 Q1006 NOSIG=
VABB,190230Z,20006KT 2500 VCSH FEW012 SCT018 FEW025TCU BKN090 28/27 Q1007 TEMPO 1500 SHRA=
VABB,190300Z,21006KT 2500 HZ SCT018 FEW025TCU BKN090 28/28 Q1007 NOSIG=
VABB,190330Z,16008KT 2500 HZ SCT018 FEW025TCU BKN090 29/27 Q1007 BECMG 3000 HZ=
VABB,190400Z,18009KT 3000 VCSH FEW012 SCT018 FEW025TCU BKN090 28/27 Q1007 NOSIG=
VABB,190430Z,17007KT 2500 VCSH FEW010 SCT018 FEW025TCU BKN090 29/28 Q1007 TEMPO 1500 SHRA=
VABB,190500Z,22009KT 2500 HZ FEW012 SCT018 FEW025TCU BKN090 29/27 Q1007 NOSIG=
VABB,190530Z,22010KT 2500 HZ FEW012 SCT018 FEW025TCU BKN090 30/27 Q1007 NOSIG=
VABB,190600Z,22010G20KT 2500 HZ SCT018 FEW025TCU BKN090 31/27 Q1007 BECMG 3000 HZ=
VABB,190630Z,22013KT 3000 HZ SCT018 FEW025TCU BKN090 31/27 Q1007 NOSIG=
VABB,190700Z,21012G22KT 3000 HZ SCT018 FEW025TCU BKN090 31/27 Q1007 NOSIG=
VABB,190730Z,23009G19KT 3000 HZ SCT018 FEW025TCU BKN090 31/27 Q1007 NOSIG=
VABB,190800Z,23008G18KT 3000 HZ SCT018 FEW025TCU 31/27 Q1006 NOSIG=
VABB,190830Z,21012G22KT 3000 HZ SCT018 FEW025TCU 31/26 Q1006 NOSIG=
VABB,190900Z,22009G19KT 3000 HZ SCT018 FEW025TCU 31/27 Q1006 NOSIG=
VABB,190930Z,23012KT 3000 HZ SCT018 FEW025TCU 31/28 Q1006 NOSIG=
VABB,191000Z,22008G18KT 3000 HZ SCT018 FEW025TCU 31/26 Q1006 NOSIG=
VABB,191030Z,23009G19KT 3000 HZ SCT018 FEW025TCU 31/27 Q1005 NOSIG=
VABB,191100Z,24007G17KT 3000 HZ SCT018 FEW025TCU 30/27 Q1005 NOSIG=
VABB,191130Z,22012KT 3000 HZ SCT018 FEW025TCU 30/27 Q1005 NOSIG=
VABB,191200Z,24012KT 3000 HZ SCT018 FEW025TCU 30/29 Q1005 NOSIG=
VABB,191230Z,22012KT 3000 HZ SCT018 FEW025TCU 30/26 Q1005 NOSIG=
VABB,191300Z,22008KT 3000 HZ SCT018 FEW025TCU 29/26 Q1006 NOSIG=
VABB,191330Z,21008KT 3000 HZ SCT018 FEW025TCU 29/26 Q1006 NOSIG=
VABB,191400Z,17006KT 3000 HZ SCT018 FEW025TCU 29/27 Q1006 NOSIG=
VABB,191430Z,21007KT 3000 HZ SCT018 FEW025TCU 29/26 Q1007 NOSIG=
VABB,191500Z,18005KT 3000 HZ SCT018 FEW025TCU 29/26 Q1007 NOSIG=
VABB,191530Z,17008G18KT 3000 HZ SCT018 FEW025TCU 28/27 Q1007 NOSIG=
VABB,191600Z,16006KT 3000 HZ SCT018 FEW025TCU BKN090 28/27 Q1007 NOSIG=
VABB,191630Z,19010KT 3000 HZ SCT018 FEW025TCU BKN090 28/27 Q1008 NOSIG=
VABB,191700Z,15005KT 3000 BR SCT018 FEW025TCU BKN090 27/27 Q1008 NOSIG=
VABB,191730Z,17007KT 3000 BR SCT018 FEW025TCU BKN090 27/27 Q1008 NOSIG=
VABB,191800Z,17007KT 3000 BR SCT018 FEW025TCU BKN090 27/27 Q1008 NOSIG=
VABB,191830Z,17007KT 3000 BR SCT018 FEW025TCU BKN090 28/27 Q1007 NOSIG=
VABB,191900Z,16006KT 2500 BR FEW012 SCT018 FEW025TCU BKN090 27/27 Q1007 NOSIG=
VABB,191930Z,16006KT 2500 BR FEW012 SCT018 FEW025TCU BKN090 27/27 Q1007 NOSIG=
VABB,192000Z,16006KT 2500 BR SCT018 FEW025TCU BKN090 27/27 Q1007 NOSIG=
VABB,192030Z,20006KT 2500 BR FEW012 SCT018 FEW025TCU BKN090 27/27 Q1007 NOSIG=
VABB,192100Z,13005KT 2500 BR FEW012 SCT018 FEW025TCU BKN090 27/27 Q1007 NOSIG=
VABB,192130Z,20009KT 2100 -RA FEW012 SCT018 FEW025TCU BKN090 27/27 Q1006 TEMPO 1500 SHRA=
VABB,192200Z,20009KT 2500 VCSH FEW012 SCT018 FEW025TCU BKN090 27/27 Q1006 TEMPO 1500 SHRA=
VABB,192330Z,11005KT 2500 BR FEW012 SCT018 FEW025TCU BKN090 27/26 Q1006 TEMPO 1500 SHRA=
VABB,200000Z,03006KT 2100 -RA FEW012 SCT018 FEW025TCU BKN090 27/27 Q1006 TEMPO 1500 SHRA=
VABB,200030Z,14004KT 2500 BR FEW012 SCT018 FEW025TCU BKN090 27/27 Q1006 NOSIG=
VABB,200100Z,18003KT 2500 VCSH FEW012 SCT018 FEW025TCU BKN090 27/27 Q1007 TEMPO 1500 SHRA=
VABB,200130Z,14004KT 2500 BR FEW012 SCT018 FEW025TCU BKN090 27/27 Q1007 TEMPO 1500 SHRA=
VABB,200200Z,15005KT 2200 -RA FEW012 SCT018 FEW025TCU BKN090 27/27 Q1007 TEMPO 1500 SHRA=
VABB,200230Z,12004KT 2200 VCSH FEW012 SCT018 FEW025TCU BKN090 27/27 Q1007 TEMPO 1500 SHRA=
VABB,200300Z,12006KT 1700 -RA FEW012 SCT018 FEW025TCU BKN090 27/27 Q1008 TEMPO 0800 +SHRA=
VABB,200330Z,16005KT 2500 VCSH FEW012 SCT018 FEW025TCU BKN090 28/27 Q1008 TEMPO 1500 SHRA=
VABB,200400Z,19006KT 1800 -RA FEW012 SCT018 FEW025TCU BKN090 29/27 Q1008 TEMPO 1500 SHRA=
VABB,200430Z,21006KT 2100 -RA FEW012 SCT018 FEW025TCU BKN090 29/28 Q1008 TEMPO 1500 SHRA=
VABB,200500Z,23007KT 2500 HZ SCT018 FEW025TCU BKN090 29/28 Q1008 NOSIG=
VABB,200530Z,18007KT 2500 HZ SCT018 FEW025TCU BKN090 31/28 Q1008 BECMG 3000 HZ=
VABB,200600Z,18007G17KT 3000 HZ SCT018 SCT025 BKN090 31/28 Q1008 NOSIG=
VABB,200630Z,21009KT 3000 HZ SCT018 SCT025 BKN090 30/27 Q1008 NOSIG=
VABB,200700Z,23011KT 3000 HZ SCT018 SCT025 BKN090 31/27 Q1007 NOSIG=
VABB,200730Z,22007G17KT 1900 -SHRA FEW010 SCT018 FEW025TCU BKN090 28/27 Q1007 TEMPO 1500 SHRA=
VABB,200800Z,21008G18KT 2500 HZ SCT018 FEW025TCU BKN090 30/28 Q1006 NOSIG=
VABB,200830Z,22007KT 2500 HZ SCT018 FEW025TCU BKN090 30/27 Q1006 NOSIG=
VABB,200900Z,23007G17KT 1700 R27/1900 HZ SCT018 FEW025TCU BKN090 29/27 Q1006 TEMPO 1500 SHRA=
VABB,200930Z,23010KT 2100 R27/1900 HZ SCT018 FEW025TCU BKN090 30/27 Q1005 TEMPO 1500 SHRA=
VABB,201000Z,23007G17KT 2100 BR SCT018 FEW025TCU BKN090 29/27 Q1005 TEMPO 1500 SHRA=
VABB,201030Z,24010KT 2100 VCSH FEW012 SCT018 FEW025TCU BKN090 28/27 Q1005 TEMPO 1500 SHRA=
VABB,201100Z,24010KT 1000 R27/1200 RA FEW012 SCT018 FEW025TCU OVC080 28/27 Q1005 TEMPO 0600 +SHRA=
VABB,201130Z,23005KT 2100 VCSH FEW012 SCT018 FEW030CB OVC090 27/27 Q1005 TEMPO 1500 SHRA=
VABB,201200Z,23004KT 1500 -RA FEW012 SCT018 FEW030CB OVC090 27/27 Q1005 TEMPO 0800 SHRA=
VABB,201230Z,21005KT 2100 -RA FEW012 SCT018 FEW030CB OVC090 27/27 Q1005 TEMPO 1500 SHRA=
VABB,201300Z,22004KT 2500 -RA FEW012 SCT018 FEW030CB OVC090 27/27 Q1006 TEMPO 1500 SHRA=
VABB,201330Z,23004KT 2500 BR SCT018 FEW030CB BKN090 28/27 Q1006 NOSIG=
VABB,201400Z,15004KT 2100 -RA FEW012 SCT018 FEW030CB BKN090 28/27 Q1007 TEMPO 1500 SHRA=
VABB,201430Z,15004KT 1500 RA FEW010 SCT015 FEW030CB OVC090 27/27 Q1007 TEMPO 0800 +SHRA=
VABB,201500Z,13003KT 2100 BR SCT018 FEW030CB BKN090 27/27 Q1008 TEMPO 1500 SHRA=
VABB,201530Z,17004KT 2100 BR SCT018 FEW030CB BKN090 27/26 Q1008 TEMPO 1500 SHRA=
VABB,201600Z,12006KT 2100 -RA FEW012 SCT018 FEW030CB BKN090 27/26 Q1008 TEMPO 1500 SHRA=
VABB,201630Z,13006KT 2100 -DZ FEW012 SCT018 FEW030CB BKN090 27/26 Q1008 TEMPO 1500 SHRA=
VABB,201700Z,16007KT 2500 HZ SCT018 FEW030CB BKN090 27/27 Q1008 NOSIG=
VABB,201730Z,22004KT 2500 HZ SCT018 FEW030CB BKN090 27/27 Q1008 NOSIG=
VABB,201800Z,17003KT 2500 HZ SCT018 FEW030CB BKN090 27/27 Q1008 NOSIG=
VABB,201830Z,16004KT 2500 HZ SCT018 FEW030CB BKN090 27/27 Q1008 NOSIG=
VABB,201900Z,18003KT 2500 HZ SCT018 FEW030CB BKN090 27/27 Q1008 NOSIG=
VABB,201930Z,10004KT 2500 HZ SCT018 FEW030CB BKN090 27/27 Q1008 NOSIG=
VABB,202000Z,00000KT 2500 HZ SCT018 FEW030CB BKN090 27/27 Q1007 NOSIG=
VABB,202030Z,15003KT 2500 HZ SCT018 FEW030CB BKN090 27/27 Q1007 NOSIG=
VABB,202100Z,12004KT 2500 HZ SCT018 FEW030CB BKN090 27/27 Q1007 NOSIG=
VABB,202130Z,14003KT 2500 HZ SCT018 FEW030CB BKN090 27/27 Q1007 NOSIG=
VABB,202200Z,11003KT 2500 HZ SCT018 FEW030CB BKN090 27/27 Q1007 NOSIG=
VABB,202230Z,00000KT 2500 HZ SCT018 FEW025TCU BKN090 27/27 Q1006 NOSIG=
VABB,202300Z,14003KT 2500 HZ SCT018 FEW025TCU BKN090 27/27 Q1006 NOSIG=
VABB,202330Z,13003KT 2500 HZ SCT018 FEW025TCU BKN090 27/27 Q1007 NOSIG=
VABB,210000Z,12003KT 2500 HZ SCT018 FEW025TCU BKN090 27/27 Q1007 NOSIG=
VABB,210030Z,11004KT 2500 HZ SCT018 FEW025TCU BKN090 27/27 Q1007 NOSIG=
VABB,210100Z,14004KT 1800 -SHRA FEW012 SCT018 FEW025TCU BKN090 27/27 Q1007 TEMPO 1500 SHRA=
VABB,210130Z,00000KT 2200 HZ FEW012 SCT018 FEW025TCU BKN090 27/27 Q1007 NOSIG=
VABB,210200Z,16004KT 2500 HZ SCT018 FEW025TCU BKN090 27/26 Q1008 NOSIG=
VABB,210230Z,14006KT 2500 HZ SCT018 FEW025TCU BKN090 28/27 Q1008 TEMPO 1500 SHRA=
VABB,210300Z,00000KT 2500 HZ SCT018 FEW025TCU BKN090 28/27 Q1008 TEMPO 1500 SHRA=
VABB,210330Z,18005KT 2500 HZ SCT018 FEW025TCU BKN090 28/27 Q1009 NOSIG=
VABB,210400Z,21005KT 2500 HZ SCT018 FEW025TCU BKN090 28/27 Q1009 TEMPO 1500 SHRA=
VABB,210430Z,17007KT 2500 HZ SCT018 FEW025TCU BKN090 29/27 Q1009 TEMPO 1500 SHRA=
VABB,210500Z,16008KT 2500 HZ SCT018 FEW025TCU BKN090 29/27 Q1009 NOSIG=
VABB,210530Z,19007KT 3000 HZ SCT018 FEW025TCU BKN090 29/27 Q1009 NOSIG=
VABB,210600Z,20006KT 3000 HZ SCT018 FEW025TCU BKN090 30/27 Q1009 NOSIG=
VABB,210630Z,21006KT 3000 HZ SCT018 FEW025TCU BKN090 30/27 Q1008 NOSIG=
VABB,210700Z,22011KT 3000 HZ SCT018 FEW025TCU BKN090 30/27 Q1008 NOSIG=
VABB,210730Z,22008KT 3000 HZ SCT018 FEW030CB BKN090 29/27 Q1007 NOSIG=
VABB,210800Z,21008KT 3000 HZ SCT018 FEW030CB BKN090 30/25 Q1007 NOSIG=
VABB,210830Z,23008KT 3000 HZ SCT018 FEW030CB BKN090 30/24 Q1006 NOSIG=
VABB,210900Z,20008KT 3000 HZ SCT018 FEW030CB BKN090 31/26 Q1006 NOSIG=
VABB,210930Z,24009KT 3000 HZ FEW012 SCT015 FEW030CB BKN090 30/26 Q1006 NOSIG=
VABB,211000Z,23012KT 3500 HZ SCT018 SCT025 FEW030CB BKN090 30/27 Q1006 NOSIG=
VABB,211030Z,25013KT 3500 HZ SCT018 SCT025 FEW030CB BKN090 30/27 Q1006 NOSIG=
VABB,211100Z,26012KT 3500 HZ SCT018 SCT025 FEW030CB BKN090 30/26 Q1006 NOSIG=
VABB,211130Z,24011KT 3500 HZ SCT018 SCT025 FEW030CB BKN100 29/27 Q1006 NOSIG=
VABB,211200Z,24009KT 3500 HZ SCT018 SCT025 FEW030CB BKN100 29/27 Q1006 NOSIG=
VABB,211230Z,27007KT 3500 HZ SCT018 SCT025 FEW030CB BKN100 29/28 Q1006 NOSIG=
VABB,211300Z,24007KT 3500 HZ SCT018 SCT025 FEW030CB BKN100 29/26 Q1007 BECMG 3000 HZ=
VABB,211330Z,24005KT 3000 TS SCT018 SCT025 FEW030CB BKN090 29/26 Q1008 TEMPO 1500 TSRA=
VABB,211400Z,28004KT 3000 TS SCT018 SCT025 FEW030CB BKN090 29/26 Q1008 TEMPO 1500 TSRA=
VABB,211430Z,24007KT 3000 -TSRA SCT018 SCT025 FEW030CB BKN080 29/26 Q1008 TEMPO 1500 TSRA=
VABB,211500Z,24005KT 2200 TSRA FEW010 SCT015 FEW030CB OVC080 28/27 Q1008 TEMPO 1500 TSRA=
VABB,211530Z,22004KT 2500 -TSRA FEW012 SCT018 FEW030CB BKN090 28/27 Q1009 TEMPO 1500 TSRA=
VABB,211600Z,00000KT 2500 -RA FEW012 SCT018 FEW030CB BKN090 28/27 Q1009 TEMPO 1500 SHRA=
VABB,211630Z,16005KT 2500 -DZ FEW012 SCT018 FEW030CB BKN090 28/27 Q1009 TEMPO 1500 SHRA=
VABB,211700Z,14006KT 2500 TS FEW012 SCT018 FEW030CB BKN090 27/27 Q1009 TEMPO 1500 TSRA=
VABB,211730Z,16006KT 2500 TS SCT018 SCT025 FEW030CB BKN090 27/27 Q1009 TEMPO 1500 TSRA=
VABB,211800Z,24007KT 1400 R27/2000 TSRA SCT010 SCT015 FEW030CB OVC080 27/27 Q1009 TEMPO 0800 +TSRA=
VABB,211830Z,29008KT 1100 R27/1500 +TSRA SCT008 SCT015 FEW030CB OVC080 27/27 Q1009 TEMPO 0800 +TSRA=
VABB,211900Z,23005KT 1800 TSRA SCT010 SCT018 FEW030CB OVC080 27/27 Q1009 TEMPO 1500 TSRA=
VABB,211930Z,00000KT 2200 -TSRA FEW012 SCT018 FEW030CB OVC080 26/26 Q1008 TEMPO 1500 TSRA=
VABB,212000Z,00000KT 2200 -RA FEW012 SCT018 FEW030CB OVC080 27/27 Q1008 TEMPO 1500 SHRA=
VABB,212030Z,13005KT 2200 -RA FEW012 SCT018 FEW030CB OVC080 27/27 Q1008 TEMPO 1500 SHRA=
VABB,212100Z,12004KT 2200 -RA FEW012 SCT018 FEW030CB OVC080 27/27 Q1007 TEMPO 1500 SHRA=
VABB,212130Z,13006KT 2100 -RA FEW012 SCT018 FEW030CB OVC090 27/27 Q1007 TEMPO 1500 SHRA=
VABB,212200Z,00000KT 2100 -RA FEW012 SCT018 FEW030CB OVC090 27/26 Q1007 TEMPO 1500 SHRA=
VABB,212230Z,00000KT 2200 -RA FEW012 SCT018 FEW030CB OVC090 26/26 Q1007 TEMPO 1500 SHRA=
VABB,212300Z,15004KT 2100 DZ FEW012 SCT018 FEW030CB OVC090 26/25 Q1007 TEMPO 1500 SHRA=
VABB,212330Z,14004KT 2100 DZ FEW012 SCT018 FEW030CB OVC090 26/26 Q1007 TEMPO 1500 SHRA=
VABB,220000Z,00000KT 2200 -DZ FEW012 SCT018 FEW030CB OVC090 26/26 Q1007 TEMPO 1500 SHRA=
VABB,220030Z,20003KT 2500 HZ SCT018 FEW030CB BKN090 26/26 Q1007 NOSIG=
VABB,220100Z,00000KT 2200 HZ SCT018 FEW025TCU BKN090 27/26 Q1007 NOSIG=
VABB,220130Z,00000KT 2200 HZ SCT018 FEW025TCU BKN090 27/27 Q1008 NOSIG=
VABB,220200Z,00000KT 2200 HZ SCT018 FEW025TCU BKN090 27/27 Q1008 TEMPO 1500 SHRA=
VABB,220230Z,15003KT 2200 HZ SCT018 FEW025TCU BKN090 26/26 Q1008 TEMPO 1500 SHRA=
VABB,220300Z,11004KT 2200 VCSH FEW012 SCT018 FEW025TCU BKN080 27/27 Q1009 TEMPO 1500 SHRA=
VABB,220330Z,11005KT 1500 VCSH FEW012 SCT018 FEW025TCU OVC080 27/27 Q1009 TEMPO 0800 SHRA=
VABB,220400Z,12004KT 1800 DZ FEW012 SCT018 FEW025TCU OVC080 27/27 Q1009 TEMPO 1500 SHRA=
VABB,220430Z,13004KT 1500 -RA FEW012 SCT018 FEW025TCU OVC080 27/27 Q1010 TEMPO 0800 +SHRA=
VABB,220500Z,11004KT 1500 DZ FEW012 SCT018 FEW030CB OVC080 27/26 Q1010 TEMPO 0800 +SHRA=
VABB,220530Z,10006KT 1500 VCSH FEW012 SCT018 FEW030CB OVC080 27/27 Q1010 TEMPO 0800 +SHRA=
VABB,220600Z,11003KT 2200 BR SCT018 FEW030CB OVC080 27/27 Q1009 NOSIG=
VABB,220630Z,13003KT 2200 BR SCT018 FEW030CB OVC080 28/27 Q1009 NOSIG=
VABB,220700Z,17006KT 2200 BR SCT018 FEW030CB OVC080 28/27 Q1009 NOSIG=
VABB,220730Z,17005KT 2200 BR SCT018 FEW030CB OVC080 27/27 Q1008 TEMPO 1500 SHRA=
VABB,220800Z,17005KT 1800 BR SCT018 FEW030CB OVC080 27/26 Q1008 TEMPO 1500 SHRA=
VABB,220830Z,19004KT 1800 BR SCT010 SCT018 FEW030CB OVC080 26/26 Q1007 TEMPO 1500 SHRA=
VABB,220900Z,18006KT 2200 BR SCT012 SCT018 FEW030CB OVC080 27/27 Q1007 TEMPO 1500 SHRA=
VABB,220930Z,19003KT 2200 BR SCT012 SCT018 FEW030CB OVC080 27/27 Q1006 TEMPO 1500 SHRA=
VABB,221000Z,00000KT 2200 BR SCT012 SCT025 FEW030CB OVC080 27/27 Q1006 NOSIG=
VABB,221030Z,17003KT 2200 BR SCT012 SCT025 FEW030CB OVC080 28/27 Q1006 NOSIG=
VABB,221100Z,20006KT 2500 BR FEW012 SCT018 FEW030CB BKN090 28/27 Q1006 NOSIG=
VABB,221130Z,16005KT 2500 BR FEW012 SCT018 FEW030CB BKN090 28/26 Q1006 NOSIG=
VABB,221200Z,15005KT 2500 BR FEW012 SCT018 FEW025TCU BKN090 28/27 Q1007 NOSIG=
VABB,221230Z,17004KT 2500 BR FEW012 SCT018 FEW025TCU BKN090 28/27 Q1007 NOSIG=
VABB,221300Z,15006KT 2500 BR SCT018 FEW025TCU BKN090 27/26 Q1007 NOSIG=
VABB,221330Z,11004KT 2500 BR SCT018 FEW030CB BKN090 28/26 Q1007 TEMPO 1500 SHRA=
VABB,221400Z,13003KT 2500 -DZ FEW012 SCT018 FEW030CB BKN090 28/26 Q1008 TEMPO 1500 SHRA=
VABB,221430Z,12005KT 2100 -RA SCT012 SCT018 FEW030CB OVC080 28/27 Q1008 TEMPO 1500 SHRA=
VABB,221500Z,12004KT 2100 -RA SCT012 SCT018 FEW030CB OVC080 27/27 Q1008 TEMPO 1500 SHRA=
VABB,221530Z,00000KT 2100 DZ FEW012 SCT018 FEW030CB BKN090 27/27 Q1009 TEMPO 1500 SHRA=
VABB,221600Z,00000KT 2100 DZ FEW012 SCT018 FEW030CB BKN090 27/27 Q1009 TEMPO 1500 SHRA=
VABB,221630Z,14004KT 2100 BR FEW012 SCT018 FEW030CB BKN090 27/27 Q1009 TEMPO 1500 SHRA=
VABB,221700Z,13003KT 2100 DZ FEW012 SCT018 FEW030CB BKN090 27/27 Q1009 TEMPO 1500 SHRA=
VABB,221730Z,00000KT 2100 BR SCT018 FEW030CB BKN090 27/27 Q1009 TEMPO 1500 SHRA=
VABB,221800Z,14004KT 2100 BR SCT018 FEW030CB BKN090 27/27 Q1009 NOSIG=
VABB,221830Z,14004KT 2100 BR SCT018 FEW030CB BKN090 27/26 Q1009 NOSIG=
VABB,221900Z,12006KT 2100 BR SCT018 FEW030CB BKN090 27/26 Q1009 NOSIG=
VABB,221930Z,00000KT 2100 BR SCT018 FEW030CB BKN090 27/26 Q1008 NOSIG=
VABB,222000Z,00000KT 2100 BR SCT018 FEW030CB BKN090 27/26 Q1008 NOSIG=
VABB,222030Z,12003KT 2100 BR SCT018 FEW030CB BKN090 27/26 Q1007 NOSIG=
VABB,222100Z,00000KT 2100 BR SCT018 FEW030CB BKN090 27/26 Q1007 NOSIG=
VABB,222130Z,00000KT 2100 BR SCT018 FEW030CB BKN090 27/26 Q1007 NOSIG=
VABB,222200Z,00000KT 2100 BR SCT018 FEW030CB BKN090 27/26 Q1007 NOSIG=
VABB,222230Z,00000KT 2100 BR SCT018 FEW025TCU BKN090 26/26 Q1007 NOSIG=
VABB,222300Z,11003KT 2100 BR FEW012 SCT018 FEW025TCU BKN090 27/26 Q1007 NOSIG=
VABB,222330Z,10003KT 2100 BR FEW012 SCT018 FEW025TCU BKN090 27/26 Q1007 NOSIG=
VABB,230000Z,12004KT 2100 BR FEW012 SCT018 FEW025TCU BKN090 27/26 Q1007 NOSIG=
VABB,230030Z,10004KT 2100 BR FEW012 SCT020 FEW025TCU BKN090 27/26 Q1008 NOSIG=
VABB,230100Z,12004KT 2500 BR FEW012 SCT020 FEW025TCU BKN090 27/26 Q1008 NOSIG=
VABB,230130Z,12005KT 2500 BR FEW012 SCT020 BKN090 27/26 Q1008 NOSIG=
VABB,230200Z,12003KT 2500 HZ FEW012 SCT020 BKN090 27/26 Q1009 NOSIG=
VABB,230230Z,00000KT 2500 BR SCT018 FEW025TCU BKN100 27/26 Q1009 NOSIG=
VABB,230300Z,00000KT 2500 BR SCT018 FEW025TCU BKN100 28/26 Q1009 NOSIG=
VABB,230330Z,12004KT 2500 BR SCT018 FEW025TCU BKN090 28/26 Q1010 NOSIG=
VABB,230400Z,13004KT 2500 BR FEW012 SCT018 FEW025TCU BKN090 28/26 Q1010 TEMPO 1500 SHRA=
VABB,230430Z,16004KT 2500 HZ FEW012 SCT018 FEW025TCU BKN090 29/27 Q1010 TEMPO 1500 SHRA=
VABB,230500Z,27010KT 2500 HZ FEW012 SCT018 FEW025TCU BKN090 28/26 Q1010 TEMPO 1500 SHRA=
VABB,230530Z,25011KT 2500 HZ FEW012 SCT018 FEW025TCU BKN090 28/26 Q1010 NOSIG=
VABB,230600Z,25007KT 2500 VCSH SCT012 SCT018 FEW030CB BKN090 28/26 Q1010 TEMPO 1500 SHRA=
VABB,230630Z,28005KT 2500 HZ FEW012 SCT018 FEW030CB BKN090 28/26 Q1010 NOSIG=
VABB,230700Z,27010KT 2200 -RA SCT012 SCT018 FEW030CB BKN090 29/26 Q1009 TEMPO 1500 SHRA=
VABB,230730Z,30006KT 2500 VCSH SCT012 SCT018 FEW030CB BKN090 28/27 Q1009 TEMPO 1500 SHRA=
VABB,230800Z,30008KT 2500 HZ FEW012 SCT018 FEW030CB OVC090 28/26 Q1009 TEMPO 1500 SHRA=
VABB,230830Z,29007KT 2500 HZ FEW012 SCT018 FEW030CB OVC090 28/26 Q1008 TEMPO 1500 SHRA=
VABB,230900Z,29009KT 2100 -RA SCT012 SCT018 FEW030CB OVC090 28/27 Q1008 TEMPO 1500 SHRA=
VABB,230930Z,26006KT 2100 DZ SCT010 SCT018 FEW030CB OVC090 27/26 Q1008 TEMPO 1500 SHRA=
VABB,231000Z,24007KT 2100 -RA SCT010 SCT018 FEW030CB OVC090 27/26 Q1008 TEMPO 1500 SHRA=
VABB,231330Z,00000KT 1800 -RA FEW010 SCT015 FEW030CB OVC080 26/26 Q1009 TEMPO 1500 SHRA=
VABB,231430Z,20003KT 2100 DZ FEW010 SCT015 FEW030CB OVC080 26/26 Q1010 TEMPO 1500 SHRA=
VABB,231530Z,14004KT 1800 -RA FEW012 SCT018 FEW030CB OVC080 27/26 Q1010 TEMPO 1500 SHRA=
VABB,231600Z,14003KT 1800 -RA SCT012 SCT018 FEW030CB OVC080 27/26 Q1011 TEMPO 1500 SHRA=
VABB,231630Z,14004KT 2100 -DZ FEW012 SCT018 FEW030CB OVC080 26/26 Q1011 TEMPO 1500 SHRA=
VABB,231700Z,16004KT 2100 DZ FEW012 SCT018 FEW030CB OVC080 26/26 Q1011 TEMPO 1500 SHRA=
VABB,231730Z,15004KT 2100 -RA SCT010 SCT018 FEW030CB OVC080 26/26 Q1010 TEMPO 1500 SHRA=
VABB,231800Z,00000KT 1800 -RA SCT010 SCT018 FEW030CB OVC080 26/26 Q1010 TEMPO 1500 SHRA=
VABB,231830Z,00000KT 2100 -RA SCT010 SCT018 FEW030CB OVC080 26/26 Q1010 TEMPO 1500 SHRA=
VABB,231900Z,12004KT 2100 -RA SCT010 SCT018 FEW030CB OVC080 26/26 Q1010 TEMPO 1500 SHRA=
VABB,231930Z,12005KT 2100 -DZ SCT012 SCT018 FEW030CB BKN090 26/26 Q1009 TEMPO 1500 SHRA=
VABB,232000Z,00000KT 2500 -DZ SCT012 SCT018 FEW030CB BKN090 26/26 Q1009 TEMPO 1500 SHRA=
VABB,232030Z,12004KT 2500 BR SCT018 FEW025TCU BKN090 26/26 Q1009 NOSIG=
VABB,232100Z,00000KT 2200 BR SCT018 FEW025TCU BKN090 26/26 Q1008 NOSIG=
VABB,232130Z,00000KT 2500 BR SCT018 FEW025TCU BKN090 26/26 Q1008 NOSIG=
VABB,232200Z,00000KT 2500 BR SCT018 FEW025TCU BKN090 26/26 Q1008 NOSIG=
VABB,232230Z,00000KT 2500 BR SCT018 FEW025TCU BKN090 26/26 Q1008 NOSIG=
VABB,232300Z,00000KT 2500 -RA SCT018 FEW025TCU BKN090 26/26 Q1008 TEMPO 1500 SHRA=
VABB,232330Z,13003KT 2500 BR SCT018 FEW025TCU BKN090 26/26 Q1008 NOSIG=
VABB,240000Z,00000KT 2500 BR SCT018 FEW025TCU BKN090 26/26 Q1009 TEMPO 1500 SHRA=
VABB,240030Z,00000KT 2200 BR SCT018 FEW025TCU BKN090 26/26 Q1009 NOSIG=
VABB,240100Z,00000KT 2200 BR SCT018 FEW025TCU BKN090 26/26 Q1009 TEMPO 1500 BR=
VABB,240130Z,00000KT 2200 BR SCT018 FEW025TCU BKN090 26/26 Q1009 NOSIG=
VABB,240200Z,11006KT 2200 BR SCT018 FEW025TCU BKN090 26/26 Q1010 NOSIG=
VABB,240230Z,10006KT 2200 BR SCT018 FEW025TCU BKN090 26/26 Q1010 NOSIG=
VABB,240300Z,11004KT 2500 BR SCT018 FEW025TCU BKN090 27/27 Q1011 NOSIG=
VABB,240330Z,12003KT 2500 BR SCT018 FEW025TCU BKN090 27/27 Q1011 NOSIG=
VABB,240400Z,13005KT 2500 BR SCT018 FEW025TCU BKN090 28/27 Q1011 TEMPO 1500 SHRA=
VABB,240430Z,19003KT 2200 BR FEW012 FEW025TCU BKN090 28/27 Q1011 TEMPO 1500 SHRA=
VABB,240500Z,00000KT 2200 BR FEW012 SCT018 FEW025TCU BKN090 29/26 Q1011 TEMPO 1500 SHRA=
VABB,240530Z,19007KT 2200 BR FEW012 SCT018 FEW025TCU OVC090 29/26 Q1011 TEMPO 1500 SHRA=
VABB,240600Z,22007KT 2500 BR FEW012 SCT018 FEW025TCU BKN090 30/27 Q1011 NOSIG=
VABB,240630Z,26008G18KT 2500 VCSH FEW012 SCT018 FEW030CB OVC090 27/27 Q1010 TEMPO 1500 SHRA=
VABB,240700Z,27009G19KT 2100 DZ FEW012 SCT018 FEW030CB OVC090 27/26 Q1010 TEMPO 1500 SHRA=
VABB,240730Z,26007G17KT 2100 DZ FEW012 SCT018 FEW030CB OVC090 26/26 Q1010 TEMPO 1500 SHRA=
VABB,240830Z,27009KT 1500 RA SCT012 SCT018 FEW030CB OVC080 26/26 Q1009 TEMPO 0800 +SHRA=
VABB,240900Z,24007KT 1800 -RA FEW012 SCT018 FEW030CB OVC080 26/26 Q1008 TEMPO 0800 +SHRA=
VABB,240930Z,24007KT 2500 -DZ FEW012 SCT018 FEW030CB BKN090 26/26 Q1008 TEMPO 1500 SHRA=
VABB,241000Z,26006KT 2500 BR FEW012 SCT018 FEW030CB BKN090 27/26 Q1008 NOSIG=
VABB,241030Z,23006KT 2500 BR FEW012 SCT018 FEW025TCU BKN090 27/26 Q1007 NOSIG=
VABB,241100Z,25006KT 2500 BR FEW012 SCT018 FEW025TCU BKN090 27/26 Q1007 NOSIG=
VABB,241130Z,23004KT 2500 BR SCT012 SCT018 FEW025TCU OVC080 27/26 Q1008 TEMPO 1500 SHRA=
VABB,241200Z,23006KT 2500 BR FEW012 SCT018 FEW025TCU OVC080 27/26 Q1008 TEMPO 1500 SHRA=
VABB,241230Z,24006KT 2500 BR FEW012 SCT018 FEW030CB OVC080 27/26 Q1008 TEMPO 1500 SHRA=
VABB,241300Z,22006KT 2500 BR FEW012 SCT018 FEW030CB OVC080 27/26 Q1008 TEMPO 1500 SHRA=
VABB,241330Z,18004KT 2500 BR FEW012 SCT018 FEW030CB OVC080 27/26 Q1008 NOSIG=
VABB,241400Z,18003KT 2500 BR FEW012 SCT018 FEW030CB BKN090 27/26 Q1008 NOSIG=
VABB,241430Z,21004KT 2500 DZ FEW012 SCT018 FEW030CB OVC080 27/26 Q1009 TEMPO 1500 SHRA=
VABB,241500Z,16001KT 2500 DZ FEW012 SCT018 FEW030CB BKN090 27/26 Q1009 TEMPO 1500 SHRA=
VABB,241530Z,13001KT 2500 HZ FEW012 SCT018 FEW030CB BKN090 27/26 Q1009 NOSIG=
VABB,241600Z,00000KT 2500 HZ FEW012 SCT018 FEW025TCU BKN090 27/26 Q1010 NOSIG=
VABB,241630Z,00000KT 2500 BR FEW012 SCT018 FEW025TCU BKN090 27/26 Q1010 NOSIG=
VABB,241700Z,14003KT 2500 BR FEW012 SCT018 FEW025TCU BKN090 27/26 Q1010 NOSIG=
VABB,241730Z,00000KT 2500 BR FEW012 SCT018 FEW025TCU BKN090 27/26 Q1009 NOSIG=
VABB,241800Z,00000KT 2500 BR FEW012 SCT018 FEW025TCU BKN090 27/26 Q1009 NOSIG=
VABB,241830Z,00000KT 2500 BR FEW012 SCT018 FEW025TCU BKN090 27/26 Q1009 NOSIG=
VABB,241900Z,00000KT 2500 BR FEW012 SCT018 FEW025TCU BKN090 27/26 Q1009 NOSIG=
VABB,241930Z,12003KT 2500 BR FEW012 SCT018 FEW025TCU BKN090 27/26 Q1008 NOSIG=
VABB,242000Z,00000KT 2500 BR FEW012 SCT018 FEW025TCU BKN090 27/26 Q1008 NOSIG=
VABB,242030Z,00000KT 2500 BR FEW012 SCT018 FEW025TCU BKN090 26/26 Q1008 NOSIG=
VABB,242100Z,00000KT 2500 BR FEW012 SCT018 FEW025TCU BKN090 26/26 Q1007 TEMPO 1500 SHRA=
VABB,242130Z,00000KT 2500 BR FEW012 SCT018 FEW025TCU BKN090 26/26 Q1007 NOSIG=
VABB,242200Z,00000KT 2500 BR FEW012 SCT018 FEW025TCU BKN090 26/26 Q1007 NOSIG=
VABB,242230Z,00000KT 2500 BR FEW012 SCT018 FEW025TCU BKN090 26/26 Q1007 NOSIG=
VABB,242300Z,11003KT 2500 BR SCT018 FEW025TCU BKN090 26/26 Q1007 NOSIG=
VABB,242330Z,00000KT 2500 BR SCT018 FEW025TCU BKN090 26/26 Q1007 TEMPO 1500 SHRA=
VABB,250000Z,00000KT 2500 BR SCT018 FEW025TCU BKN090 26/26 Q1008 NOSIG=
VABB,250030Z,10004KT 2500 BR SCT018 SCT025 FEW030CB BKN090 26/26 Q1008 NOSIG=
VABB,250100Z,00000KT 2200 BR SCT018 SCT025 FEW030CB BKN090 26/26 Q1008 NOSIG=
VABB,250130Z,00000KT 2200 BR FEW018 SCT025 FEW030CB BKN090 26/26 Q1008 NOSIG=
VABB,250200Z,00000KT 2500 BR FEW018 SCT025 FEW030CB BKN090 27/26 Q1008 NOSIG=
VABB,250230Z,10003KT 2500 BR FEW018 SCT025 FEW030CB BKN090 27/26 Q1009 NOSIG=
VABB,250300Z,00000KT 2500 BR SCT018 FEW030CB BKN090 27/26 Q1009 NOSIG=
VABB,250330Z,16004KT 2500 BR SCT018 FEW030CB BKN090 28/26 Q1009 NOSIG=
VABB,250400Z,21007KT 2500 BR SCT018 SCT025 FEW030CB BKN100 29/26 Q1010 NOSIG=
VABB,250430Z,21008G18KT 3000 HZ SCT018 SCT025 FEW030CB BKN100 29/26 Q1010 TEMPO 2000 -SHRA=
VABB,250500Z,19008G18KT 3000 VCSH SCT018 SCT025 FEW030CB BKN100 29/26 Q1010 NOSIG=
VABB,250530Z,19008G18KT 3000 HZ FEW018 SCT025 FEW030CB BKN100 30/27 Q1009 NOSIG=
VABB,250600Z,22007KT 3000 HZ FEW018 SCT025 FEW030CB BKN100 29/26 Q1009 NOSIG=
VABB,250630Z,25011KT 3000 HZ FEW018 SCT025 FEW030CB BKN100 30/27 Q1009 NOSIG=
VABB,250700Z,26010KT 3000 HZ SCT018 SCT025 FEW030CB BKN100 29/26 Q1008 NOSIG=
VABB,250730Z,26010KT 3500 HZ SCT018 SCT025 FEW030CB BKN100 30/26 Q1008 NOSIG=
VABB,250800Z,27012KT 4000 HZ FEW020 SCT025 FEW030CB 30/26 Q1007 NOSIG=
VABB,250830Z,24008KT 4000 HZ FEW020 SCT025 FEW030CB 29/25 Q1007 NOSIG=
VABB,250900Z,23007KT 4000 HZ FEW020 SCT025 FEW030CB BKN100 29/25 Q1007 NOSIG=
VABB,250930Z,26009KT 4500 HZ SCT025 FEW030CB 29/25 Q1006 NOSIG=
VABB,251000Z,28009KT 4500 HZ SCT018 FEW030CB 29/26 Q1006 NOSIG=
VABB,251030Z,26010KT 5000 HZ FEW018 SCT025 FEW030CB 30/26 Q1006 NOSIG=
VABB,251100Z,30008KT 5000 HZ FEW018 SCT025 FEW025TCU 29/26 Q1006 NOSIG=
VABB,251130Z,28011KT 5000 HZ FEW018 SCT025 FEW025TCU 29/26 Q1006 NOSIG=
VABB,251200Z,26011KT 5000 HZ FEW018 SCT025 FEW025TCU 29/26 Q1006 NOSIG=
VABB,251230Z,27009KT 4000 HZ SCT018 FEW025TCU 28/26 Q1007 NOSIG=
VABB,251300Z,27010KT 4000 HZ SCT018 FEW030CB 28/26 Q1007 NOSIG=
VABB,251330Z,28009KT 4000 HZ SCT018 FEW030CB 28/26 Q1007 TEMPO 3000 HZ=
VABB,251400Z,28011KT 3000 HZ SCT018 FEW030CB 28/26 Q1007 NOSIG=
VABB,251430Z,26008KT 3000 HZ SCT018 FEW030CB 28/26 Q1007 NOSIG=
VABB,251500Z,28009KT 3000 HZ SCT018 FEW030CB 28/27 Q1008 NOSIG=
VABB,251530Z,29007KT 3000 HZ SCT018 FEW030CB 28/25 Q1008 NOSIG=
VABB,251700Z,29006KT 3000 -RA SCT018 SCT025 FEW030CB 29/27 Q1009 TEMPO 1500 SHRA=
VABB,251730Z,34005KT 3000 -DZ SCT018 SCT025 FEW030CB 28/27 Q1008 TEMPO 1500 SHRA=
VABB,251800Z,33004KT 3000 BR SCT018 SCT025 FEW030CB 28/27 Q1008 NOSIG=
VABB,251830Z,33004KT 3000 BR SCT018 SCT025 FEW030CB 28/27 Q1008 NOSIG=
VABB,251900Z,33004KT 3000 BR SCT018 SCT025 FEW030CB 28/27 Q1008 NOSIG=
VABB,251930Z,01003KT 3000 BR SCT018 SCT025 FEW030CB 28/27 Q1008 NOSIG=
VABB,252000Z,05003KT 3000 BR SCT018 SCT025 FEW030CB 28/27 Q1007 NOSIG=
VABB,252030Z,01003KT 3000 BR SCT018 SCT025 FEW030CB 27/26 Q1007 NOSIG=
VABB,252100Z,02004KT 3000 BR SCT018 SCT025 FEW030CB 28/27 Q1007 NOSIG=
VABB,252130Z,04004KT 3000 BR SCT018 SCT025 FEW030CB 28/27 Q1007 NOSIG=
VABB,252200Z,00000KT 3000 BR SCT018 SCT025 FEW030CB 28/27 Q1006 NOSIG=
VABB,252230Z,00000KT 3000 BR SCT018 SCT025 FEW030CB 28/27 Q1006 NOSIG=
VABB,252300Z,14004KT 2500 BR SCT018 SCT025 FEW030CB 28/27 Q1007 TEMPO 1500 SHRA=
VABB,252330Z,12004KT 2500 VCSH SCT018 SCT025 FEW030CB 27/26 Q1006 TEMPO 1500 SHRA=
VABB,260000Z,14004KT 2500 BR SCT018 SCT025 FEW030CB 27/26 Q1007 NOSIG=
VABB,260030Z,17004KT 2500 BR SCT018 SCT025 FEW030CB 27/26 Q1007 NOSIG=
VABB,260100Z,17003KT 2500 BR SCT018 SCT025 FEW030CB 27/26 Q1007 NOSIG=
VABB,260130Z,18004KT 2500 BR SCT018 SCT025 FEW030CB 27/26 Q1007 NOSIG=
VABB,260200Z,10005KT 2200 BR SCT018 FEW025TCU 28/27 Q1008 NOSIG=
VABB,260230Z,12006KT 1600 BR SCT018 FEW025TCU SCT100 28/27 Q1008 NOSIG=
VABB,260300Z,10005KT 2100 BR SCT018 FEW025TCU SCT100 28/27 Q1009 NOSIG=
VABB,260330Z,08004KT 2100 BR SCT018 FEW025TCU SCT100 29/27 Q1009 NOSIG=
VABB,260400Z,10004KT 2100 HZ SCT018 FEW025TCU BKN090 29/27 Q1009 NOSIG=
VABB,260430Z,11005KT 2500 HZ SCT018 FEW025TCU BKN090 30/27 Q1009 NOSIG=
VABB,260500Z,15003KT 2500 HZ SCT018 FEW025TCU BKN090 31/27 Q1009 NOSIG=
VABB,260530Z,26007KT 2200 DZ SCT018 FEW025TCU BKN090 39/27 Q1009 TEMPO 1500 SHRA=
VABB,260600Z,25007KT 2200 VCSH SCT018 FEW025TCU BKN090 29/27 Q1008 NOSIG=
VABB,260630Z,25008KT 2200 -RA SCT015 FEW025TCU BKN090 29/27 Q1008 TEMPO 1500 SHRA=
VABB,260700Z,24008KT 2500 VCSH SCT018 FEW025TCU BKN090 29/27 Q1008 NOSIG=
VABB,260730Z,32006KT 1500 RA FEW012 SCT015 FEW025TCU BKN090 29/27 Q1008 TEMPO 0800 +SHRA=
VABB,260800Z,25006KT 2500 HZ SCT015 FEW025TCU BKN090 29/27 Q1007 TEMPO 1500 SHRA=
VABB,260830Z,27007KT 3000 HZ SCT018 SCT025 BKN090 30/27 Q1007 NOSIG=
VABB,260900Z,29009KT 3500 HZ SCT018 SCT025 BKN090 31/27 Q1006 NOSIG=
VABB,260930Z,25006KT 3500 HZ SCT018 SCT025 BKN090 31/26 Q1006 NOSIG=
VABB,261000Z,27011KT 3500 HZ SCT018 SCT025 BKN090 31/27 Q1005 NOSIG=
VABB,261030Z,26011KT 3500 HZ SCT018 SCT025 BKN090 31/27 Q1005 NOSIG=
VABB,261100Z,27012KT 3500 HZ SCT018 SCT025 BKN090 31/27 Q1005 NOSIG=
VABB,261130Z,28013KT 4000 HZ SCT018 FEW025TCU BKN090 31/26 Q1005 NOSIG=
VABB,261200Z,28009KT 3500 HZ SCT018 FEW025TCU BKN090 30/27 Q1005 NOSIG=
VABB,261230Z,29008KT 3500 HZ SCT018 FEW025TCU BKN090 30/27 Q1006 BECMG 3000 HZ=
VABB,261300Z,29008KT 3000 HZ SCT018 FEW030CB BKN090 30/27 Q1006 NOSIG=
VABB,261330Z,31006KT 3000 HZ SCT018 FEW030CB BKN090 30/27 Q1007 NOSIG=
VABB,261400Z,33005KT 2500 TS FEW012 SCT018 FEW030CB BKN090 30/27 Q1008 TEMPO 1500 TSRA=
VABB,261430Z,31009KT 2500 -TSRA FEW012 SCT018 FEW030CB BKN090 30/27 Q1008 TEMPO 1500 TSRA=
VABB,261500Z,23005KT 2500 -DZ FEW012 SCT018 FEW030CB BKN090 28/25 Q1008 TEMPO 1500 TSRA=
VABB,261530Z,06003KT 2500 -DZ FEW012 SCT018 FEW030CB BKN090 28/28 Q1009 TEMPO 1500 TSRA=
VABB,261600Z,04006KT 2100 -TSRA FEW012 SCT018 FEW030CB OVC080 29/27 Q1009 TEMPO 1500 TSRA=
VABB,261630Z,06008KT 2100 -TSRA FEW012 SCT018 FEW030CB OVC080 28/26 Q1009 TEMPO 1500 TSRA=
VABB,261700Z,09006KT 2200 TS FEW012 SCT018 FEW030CB OVC080 27/26 Q1009 TEMPO 1500 TSRA=
VABB,261730Z,12003KT 2200 TS FEW012 SCT018 FEW030CB OVC080 27/26 Q1009 TEMPO 1500 TSRA=
VABB,261800Z,12004KT 2200 -TSRA FEW012 SCT018 FEW030CB OVC080 26/26 Q1009 TEMPO 1500 TSRA=
VABB,261830Z,11004KT 2100 -RA FEW012 SCT018 FEW030CB OVC080 26/26 Q1009 TEMPO 1500 TSRA=
VABB,261900Z,13004KT 2100 -RA FEW012 SCT018 FEW030CB OVC080 26/26 Q1009 TEMPO 1500 TSRA=
VABB,261930Z,15004KT 2500 -DZ FEW012 SCT018 FEW030CB OVC080 26/26 Q1008 TEMPO 1500 SHRA=
VABB,262000Z,12005KT 2500 -DZ FEW012 SCT018 FEW025TCU BKN090 26/26 Q1008 TEMPO 1500 SHRA=
VABB,262030Z,16005KT 2500 BR FEW012 SCT018 FEW025TCU BKN090 26/26 Q1007 TEMPO 1500 SHRA=
VABB,262100Z,13005KT 2500 BR FEW012 SCT018 FEW030CB BKN090 26/26 Q1007 TEMPO 1500 SHRA=
VABB,262130Z,07003KT 2500 BR FEW012 SCT018 FEW030CB BKN090 26/26 Q1007 TEMPO 1500 SHRA=
VABB,262200Z,00000KT 2500 BR FEW012 SCT018 FEW030CB BKN090 26/26 Q1007 NOSIG=
VABB,262230Z,00000KT 2500 BR FEW012 SCT018 FEW025TCU BKN090 26/26 Q1007 NOSIG=
VABB,262300Z,14005KT 2500 BR FEW012 SCT018 FEW025TCU BKN090 26/26 Q1007 NOSIG=
VABB,262330Z,00000KT 2500 BR FEW012 SCT018 FEW025TCU BKN090 26/26 Q1007 NOSIG=
VABB,270000Z,12003KT 2500 BR SCT018 FEW025TCU BKN090 26/26 Q1007 NOSIG=
VABB,270030Z,09003KT 2500 BR SCT018 FEW025TCU BKN090 26/26 Q1007 NOSIG=
VABB,270100Z,09004KT 2100 BR SCT018 FEW025TCU BKN090 26/26 Q1007 NOSIG=
VABB,270130Z,12003KT 1800 BR SCT018 FEW025TCU BKN090 26/26 Q1007 NOSIG=
VABB,270200Z,13004KT 1600 BR SCT018 FEW025TCU BKN090 26/26 Q1007 NOSIG=
VABB,270230Z,13004KT 1600 BR SCT018 FEW025TCU BKN090 27/26 Q1008 NOSIG=
VABB,270300Z,11005KT 1800 BR SCT018 FEW025TCU BKN090 27/26 Q1008 NOSIG=
VABB,270330Z,15004KT 1800 BR SCT018 FEW025TCU BKN090 27/26 Q1009 NOSIG=
VABB,270400Z,13004KT 2100 BR SCT018 SCT025 BKN090 28/26 Q1009 NOSIG=
VABB,270430Z,15005KT 2100 BR SCT018 SCT025 BKN090 28/26 Q1009 NOSIG=
VABB,270500Z,17004KT 2200 BR SCT018 SCT025 BKN090 29/27 Q1008 NOSIG=
VABB,270530Z,17004KT 2500 BR SCT018 SCT025 BKN100 29/27 Q1008 NOSIG=
VABB,270600Z,00000KT 2500 BR SCT018 SCT025 BKN100 30/27 Q1008 NOSIG=
VABB,270630Z,30005KT 2500 BR SCT018 SCT025 BKN100 30/27 Q1008 NOSIG=
VABB,270700Z,30008KT 2500 BR SCT018 SCT025 BKN100 30/27 Q1007 NOSIG=
VABB,270730Z,27007KT 2500 BR SCT018 SCT025 BKN100 29/27 Q1007 NOSIG=
VABB,270800Z,31006KT 2500 BR SCT018 FEW030CB BKN090 30/27 Q1006 TEMPO 1500 SHRA=
VABB,270830Z,28006KT 2500 BR SCT018 FEW030CB BKN090 30/26 Q1006 TEMPO 1500 SHRA=
VABB,270900Z,28009KT 2100 BR SCT018 FEW030CB BKN090 30/27 Q1005 TEMPO 1500 SHRA=
VABB,270930Z,26006KT 2100 BR SCT018 FEW030CB BKN090 30/27 Q1005 NOSIG=
VABB,271000Z,28009KT 2100 BR SCT018 FEW030CB BKN090 30/27 Q1005 TEMPO 1500 SHRA=
VABB,271030Z,29008KT 2100 BR SCT018 FEW030CB BKN090 30/27 Q1005 TEMPO 1500 SHRA=
VABB,271100Z,03008G18KT 0700 R27/0800 +TSRA SCT010 SCT015 FEW030CB OVC080 25/25 Q1006 TEMPO 0600 +TSRA=
VABB,271130Z,02007G17KT 1500 TSRA SCT010 SCT015 FEW030CB OVC080 24/24 Q1006 TEMPO 0800 +TSRA=
VABB,271200Z,11005KT 1500 TSRA SCT010 SCT015 FEW030CB OVC080 25/24 Q1006 TEMPO 0800 +TSRA=
VABB,271230Z,08004KT 1500 TSRA SCT010 SCT015 FEW030CB OVC080 26/24 Q1006 TEMPO 0800 +TSRA=
VABB,271300Z,10005KT 1800 TSRA SCT010 SCT015 FEW030CB OVC080 26/25 Q1006 TEMPO 0800 +TSRA=
VABB,271330Z,14005KT 1800 TSRA SCT010 SCT015 FEW030CB OVC080 26/25 Q1006 TEMPO 0800 +TSRA=
VABB,271400Z,06004KT 2100 -RA FEW010 SCT015 FEW030CB OVC080 26/25 Q1006 TEMPO 1500 SHRA=
VABB,271430Z,08005KT 2100 -RA FEW010 SCT018 FEW030CB OVC080 26/25 Q1007 TEMPO 1500 SHRA=
VABB,271500Z,12004KT 2100 -RA FEW010 SCT018 FEW030CB OVC080 26/25 Q1007 TEMPO 1500 SHRA=
VABB,271530Z,14004KT 2100 -RA FEW010 SCT018 FEW030CB OVC080 26/26 Q1007 TEMPO 1500 SHRA=
VABB,271600Z,07003KT 2200 DZ FEW010 SCT018 FEW030CB OVC080 26/26 Q1008 NOSIG=
VABB,271630Z,09006KT 2200 BR FEW010 SCT018 FEW030CB OVC080 27/26 Q1008 NOSIG=
VABB,271700Z,09006KT 2200 BR FEW010 SCT018 FEW030CB OVC080 26/26 Q1008 NOSIG=
VABB,271730Z,08006KT 2200 BR FEW010 SCT018 FEW030CB OVC080 26/25 Q1008 NOSIG=
VABB,271800Z,03006KT 2200 BR FEW010 SCT018 FEW030CB OVC080 27/25 Q1007 NOSIG=
VABB,271830Z,00000KT 2500 BR FEW010 SCT018 FEW030CB OVC080 26/25 Q1007 NOSIG=
VABB,271900Z,14003KT 2500 BR FEW010 SCT018 FEW030CB OVC080 27/25 Q1007 NOSIG=
VABB,271930Z,00000KT 2500 BR FEW012 SCT018 FEW030CB OVC090 27/25 Q1006 NOSIG=
VABB,272000Z,00000KT 2500 BR FEW012 SCT018 FEW030CB OVC090 27/25 Q1006 NOSIG=
VABB,272030Z,00000KT 2500 BR FEW012 SCT018 FEW030CB OVC090 27/26 Q1005 NOSIG=
VABB,272100Z,00000KT 2500 BR FEW012 SCT018 FEW030CB OVC090 27/25 Q1005 NOSIG=
VABB,272130Z,00000KT 2500 BR FEW012 SCT018 FEW030CB OVC090 27/26 Q1005 NOSIG=
VABB,272200Z,VRB02KT 2500 BR SCT018 FEW025TCU BKN090 27/26 Q1005 NOSIG=
VABB,272230Z,00000KT 2500 BR SCT018 FEW025TCU BKN090 27/26 Q1005 NOSIG=
VABB,272300Z,00000KT 2500 BR SCT018 FEW025TCU BKN090 27/26 Q1005 NOSIG=
VABB,272330Z,VRB02KT 2500 BR SCT018 FEW025TCU BKN090 26/26 Q1005 NOSIG=
VABB,280000Z,VRB02KT 2500 BR SCT018 FEW025TCU BKN090 26/26 Q1005 NOSIG=
VABB,280030Z,00000KT 2500 BR SCT018 FEW025TCU OVC080 26/26 Q1006 NOSIG=
VABB,280100Z,00000KT 2000 BR SCT018 FEW025TCU OVC080 26/26 Q1006 TEMPO 1500 BR=
VABB,280130Z,VRB02KT 2000 BR SCT018 FEW025TCU OVC080 26/26 Q1006 NOSIG=
VABB,280200Z,11003KT 1800 BR SCT018 BKN090 27/26 Q1007 NOSIG=
VABB,280230Z,15003KT 1800 BR SCT018 BKN090 27/27 Q1007 NOSIG=
VABB,280300Z,02003KT 1800 BR SCT018 BKN090 28/27 Q1007 NOSIG=
VABB,280330Z,16004KT 2100 BR SCT018 BKN090 29/27 Q1008 NOSIG=
VABB,280400Z,16005KT 2100 BR SCT018 FEW025TCU BKN090 29/27 Q1008 NOSIG=
VABB,280430Z,05006KT 2100 HZ SCT020 FEW025TCU BKN100 31/27 Q1008 NOSIG=
VABB,280500Z,02004KT 2100 HZ SCT020 FEW025TCU SCT100 31/28 Q1007 NOSIG=
VABB,280530Z,03009KT 2100 HZ SCT020 FEW025TCU SCT100 32/27 Q1007 NOSIG=
VABB,280600Z,03009KT 2100 HZ SCT020 FEW025TCU SCT090 32/27 Q1007 NOSIG=
VABB,280630Z,07005KT 2500 HZ SCT020 FEW025TCU SCT090 32/27 Q1007 NOSIG=
VABB,280700Z,01007KT 2500 HZ SCT020 FEW025TCU SCT100 33/27 Q1006 NOSIG=
VABB,280730Z,01005KT 2500 HZ SCT020 FEW025TCU SCT100 34/27 Q1005 NOSIG=
VABB,280800Z,30008KT 2500 HZ SCT020 FEW025TCU BKN100 33/28 Q1005 NOSIG=
VABB,280830Z,27008KT 2500 HZ SCT020 FEW025TCU BKN100 32/27 Q1004 NOSIG=
VABB,280900Z,27010KT 2500 TSRA SCT028 FEW030TCU BKN090 32/28 Q1004 TEMPO 1500 TSRA=
VABB,280930Z,30011KT 2500 VCSH SCT018 FEW030CB BKN090 31/28 Q1004 TEMPO 1500 SHRA=
VABB,281000Z,24012G22KT 0400 R27/0500 +TSRA FEW008 SCT015 FEW030CB BKN090 29/29 Q1004 TEMPO 0150 +TSRA=
VABB,281030Z,34011KT 2100 -TSRA FEW008 SCT015 FEW030CB OVC090 25/24 Q1004 TEMPO 1500 -TSRA=
VABB,281100Z,27004KT 2500 HZ FEW012 SCT018 FEW030CB BKN090 26/26 Q1003 TEMPO 1500 SHRA=
VABB,281130Z,36004KT 2500 HZ FEW012 SCT018 FEW030CB OVC090 28/26 Q1003 TEMPO 1500 SHRA=
VABB,281200Z,00000KT 2500 VCSH FEW012 SCT015 FEW030CB OVC090 28/26 Q1004 TEMPO 1500 SHRA=
VABB,281230Z,08004KT 2100 VCSH SCT015 FEW030CB OVC090 28/26 Q1004 TEMPO 1500 SHRA=
VABB,281300Z,07009KT 2100 VCSH FEW010 SCT015 FEW030CB OVC090 28/26 Q1005 TEMPO 1500 SHRA=
VABB,281330Z,05004KT 2100 VCSH FEW012 SCT015 FEW030CB OVC090 28/27 Q1005 TEMPO 1500 SHRA=
VABB,281400Z,08005KT 2500 BR SCT018 FEW030CB OVC090 28/27 Q1005 TEMPO 1500 SHRA=
VABB,281430Z,33004KT 2500 BR SCT018 FEW030CB OVC090 28/27 Q1005 NOSIG=
VABB,281500Z,03004KT 2500 BR SCT018 FEW030CB BKN090 28/27 Q1005 NOSIG=
VABB,281530Z,03006KT 2500 BR SCT018 FEW030CB BKN090 28/26 Q1006 NOSIG=
VABB,281600Z,03003KT 2500 BR SCT018 FEW030CB BKN090 28/25 Q1006 NOSIG=
VABB,281630Z,04005KT 2500 TS SCT018 FEW030CB BKN090 27/25 Q1006 TEMPO 1500 TSRA=
VABB,281700Z,04004KT 1400 R09/1500 TSRA FEW010 SCT018 FEW030CB BKN090 26/25 Q1006 TEMPO 0800 +TSRA=
VABB,281730Z,03005KT 1400 R09/1500 TSRA FEW010 SCT018 FEW030CB BKN090 26/26 Q1006 TEMPO 0800 +TSRA=
VABB,281800Z,00000KT 2100 -TSRA FEW010 SCT018 FEW030CB BKN090 26/26 Q1005 TEMPO 1500 TSRA=
VABB,281830Z,00000KT 2100 -TSRA FEW010 SCT018 FEW030CB BKN090 26/26 Q1005 TEMPO 1500 TSRA=
VABB,281900Z,00000KT 2500 TS SCT018 FEW030CB BKN090 27/26 Q1005 TEMPO 1500 TSRA=
VABB,281930Z,00000KT 2500 BR SCT018 FEW030CB BKN090 27/26 Q1005 NOSIG=
VABB,282000Z,17004KT 2500 BR SCT018 FEW030CB BKN090 27/26 Q1004 NOSIG=
VABB,282030Z,12006KT 2100 -RA SCT018 FEW030CB BKN090 27/26 Q1004 TEMPO 1500 SHRA=
VABB,282100Z,05003KT 2100 DZ SCT018 FEW030CB BKN090 27/26 Q1004 TEMPO 1500 SHRA=
VABB,282130Z,08004KT 2100 BR SCT018 FEW030CB BKN090 27/26 Q1004 NOSIG=
VABB,282200Z,00000KT 2100 BR SCT018 FEW030CB BKN090 27/26 Q1004 TEMPO 1500 SHRA=
VABB,282230Z,00000KT 2100 BR SCT018 FEW030CB BKN090 27/26 Q1004 TEMPO 1500 SHRA=
VABB,282300Z,00000KT 2100 BR SCT018 FEW030CB BKN090 27/26 Q1004 NOSIG=
VABB,282330Z,32004KT 2100 BR SCT018 FEW030CB BKN090 27/26 Q1004 NOSIG=
VABB,290000Z,00000KT 2100 BR SCT018 FEW030CB BKN090 27/26 Q1005 NOSIG=
VABB,290030Z,06004KT 2100 BR SCT018 FEW030CB BKN090 28/26 Q1005 TEMPO 1500 SHRA=
VABB,290100Z,00000KT 2100 VCSH SCT018 FEW030CB BKN090 27/26 Q1005 TEMPO 1500 SHRA=
VABB,290130Z,09004KT 2100 VCSH FEW010 SCT018 FEW030CB BKN090 27/26 Q1005 TEMPO 1500 SHRA=
VABB,290200Z,17004KT 2100 VCSH FEW010 SCT018 FEW030CB BKN090 27/26 Q1006 TEMPO 1500 SHRA=
VABB,290230Z,08003KT 2100 BR SCT018 FEW025TCU BKN100 28/27 Q1006 NOSIG=
VABB,290300Z,00000KT 2100 BR SCT018 FEW025TCU BKN100 29/27 Q1006 NOSIG=
VABB,290330Z,05004KT 2100 BR SCT018 FEW025TCU BKN100 30/27 Q1007 NOSIG=
VABB,290400Z,06005KT 2500 HZ SCT020 FEW030CB BKN100 30/27 Q1007 NOSIG=
VABB,290430Z,07006KT 2500 HZ SCT020 FEW030CB BKN100 32/27 Q1007 BECMG 3000 HZ=
VABB,290500Z,06003KT 2500 HZ SCT020 FEW030CB BKN100 32/27 Q1007=
VABB,290530Z,09006KT 2500 HZ SCT020 FEW030CB BKN100 32/26 Q1007 NOSIG=
VABB,290600Z,08005KT 2500 HZ SCT018 FEW030CB BKN100 32/26 Q1006 NOSIG=
VABB,290630Z,11003KT 2500 HZ SCT018 FEW030CB BKN090 32/27 Q1006 NOSIG=
VABB,290700Z,25006KT 2100 BR SCT018 FEW030CB BKN090 31/28 Q1006 NOSIG=
VABB,290730Z,30006KT 2100 BR SCT018 FEW030CB BKN090 31/29 Q1005 NOSIG=
VABB,290800Z,26006KT 2100 BR SCT018 FEW030CB BKN090 32/28 Q1004 NOSIG=
VABB,290830Z,25010KT 2100 BR SCT018 FEW030CB BKN090 33/29 Q1003 NOSIG=
VABB,290900Z,29011KT 2100 HZ SCT018 FEW030CB BKN090 34/29 Q1003 NOSIG=
VABB,290930Z,31009KT 2200 HZ SCT018 FEW030CB BKN090 32/28 Q1002 NOSIG=
VABB,291000Z,33007KT 2500 HZ SCT018 FEW030CB BKN090 31/24 Q1002 TEMPO 1500 SHRA=
VABB,291030Z,35009KT 2500 HZ SCT018 FEW030CB BKN090 31/24 Q1002 TEMPO 1500 SHRA=
VABB,291100Z,35007KT 2500 HZ SCT018 FEW030CB BKN090 30/26 Q1003 TEMPO 1500 SHRA=
VABB,291130Z,00000KT 2500 HZ SCT018 FEW030CB BKN090 30/26 Q1002 NOSIG=
VABB,291200Z,34004KT 2500 HZ SCT018 FEW030CB BKN090 31/27 Q1002 NOSIG=
VABB,291230Z,04005KT 2100 HZ SCT018 FEW030CB BKN090 30/27 Q1003 TEMPO 1500 SHRA=
VABB,291300Z,07007KT 2100 HZ SCT018 FEW030CB BKN090 29/27 Q1004 TEMPO 1500 SHRA=
VABB,291330Z,03009G20KT 2200 VCSH SCT018 SCT025 FEW030CB BKN090 27/25 Q1006 TEMPO 1500 SHRA=
VABB,291400Z,06010KT 2500 -TSRA SCT018 SCT025 FEW030CB BKN090 26/24 Q1006 TEMPO 1500 TSRA=
VABB,291430Z,06006KT 2200 -TSRA SCT012 SCT015 FEW030CB BKN080 26/24 Q1006 TEMPO 1500 TSRA=
VABB,291500Z,10005KT 2200 -TSRA SCT012 SCT015 FEW030CB BKN080 26/25 Q1006 TEMPO 1500 TSRA=
VABB,291530Z,03006KT 2200 -TSRA SCT012 SCT015 FEW030CB BKN080 26/25 Q1006 TEMPO 1500 TSRA=
VABB,291600Z,04004KT 2100 -RA SCT010 SCT015 FEW030CB OVC080 26/25 Q1006 TEMPO 1500 SHRA=
VABB,291630Z,05008KT 2100 BR FEW012 SCT018 FEW030CB BKN090 26/25 Q1006 TEMPO 1500 SHRA=
VABB,291700Z,05009KT 2200 BR SCT018 FEW030CB BKN090 26/25 Q1006 TEMPO 1500 SHRA=
VABB,291730Z,08005KT 2500 BR SCT018 FEW030CB BKN090 27/25 Q1005 NOSIG=
VABB,291800Z,11003KT 2500 BR SCT018 FEW025TCU BKN090 27/25 Q1005 NOSIG=
VABB,291830Z,00000KT 2500 BR SCT018 FEW025TCU BKN090 27/25 Q1005 NOSIG=
VABB,291900Z,11004KT 2500 BR SCT018 FEW025TCU BKN090 27/25 Q1005 NOSIG=
VABB,291930Z,12004KT 2500 BR SCT018 FEW025TCU BKN090 27/25 Q1005 NOSIG=
VABB,292000Z,00000KT 2500 BR SCT018 FEW025TCU BKN090 27/25 Q1005 NOSIG=
VABB,292030Z,00000KT 2500 BR SCT018 FEW025TCU BKN090 27/25 Q1005 NOSIG=
VABB,292100Z,01003KT 2500 BR SCT018 FEW025TCU BKN090 27/25 Q1004 NOSIG=
VABB,292130Z,00000KT 2500 BR SCT018 FEW025TCU BKN090 27/25 Q1004 NOSIG=
VABB,292200Z,00000KT 2500 BR SCT018 FEW025TCU BKN090 27/25 Q1004 NOSIG=
VABB,292230Z,03005KT 2500 BR SCT018 FEW025TCU BKN090 27/25 Q1003 NOSIG=
VABB,292300Z,03006KT 2500 BR SCT018 FEW025TCU BKN090 27/25 Q1003 NOSIG=
VABB,292330Z,04006KT 2500 BR SCT018 FEW025TCU BKN090 27/25 Q1003 NOSIG=
VABB,300000Z,06006KT 2500 BR SCT018 FEW025TCU BKN090 27/25 Q1003 NOSIG=
VABB,300030Z,07003KT 2500 BR SCT018 FEW025TCU BKN090 27/25 Q1004 NOSIG=
VABB,300100Z,10003KT 2500 BR FEW018 SCT025 27/25 Q1005 NOSIG=
VABB,300130Z,18003KT 2500 BR FEW018 SCT025 27/25 Q1005 NOSIG=
VABB,300200Z,12005KT 2500 BR FEW018 SCT100 27/26 Q1005 NOSIG=
VABB,300230Z,07004KT 2500 BR FEW018 SCT100 28/26 Q1006 NOSIG=
VABB,300300Z,04004KT 2200 BR SCT018 FEW025TCU BKN100 29/26 Q1006 NOSIG=
VABB,300330Z,03007KT 2200 BR SCT018 FEW025TCU BKN100 30/25 Q1006 NOSIG=
VABB,300400Z,07009KT 2200 HZ SCT018 BKN100 30/25 Q1006 NOSIG=
VABB,300430Z,08006KT 2500 HZ SCT020 BKN100 32/26 Q1007 NOSIG=
VABB,300500Z,04008KT 2500 HZ SCT020 BKN100 32/26 Q1007 NOSIG=
VABB,300530Z,06005KT 2500 HZ SCT020 BKN100 32/25 Q1006 NOSIG=
VABB,300600Z,07007KT 2500 HZ SCT020 BKN100 32/25 Q1006 NOSIG=
VABB,300630Z,02006KT 2500 HZ SCT020 SCT025 BKN100 33/25 Q1006 NOSIG=
VABB,300700Z,01007KT 2500 HZ SCT020 SCT025 BKN100 33/25 Q1005 NOSIG=
VABB,300730Z,30007KT 2500 HZ SCT020 SCT025 BKN100 33/26 Q1005 NOSIG=
VABB,300800Z,04007KT 2500 HZ SCT020 SCT025 BKN100 33/25 Q1004 NOSIG=
VABB,300830Z,04008KT 2500 HZ SCT020 SCT025 BKN100 33/25 Q1004 NOSIG=
VABB,300900Z,02009KT 3000 HZ SCT020 SCT025 BKN100 33/25 Q1003 NOSIG=
VABB,300930Z,34007KT 3000 HZ SCT020 SCT025 BKN100 33/26 Q1003 NOSIG=
VABB,301000Z,30007KT 3000 HZ SCT020 SCT025 BKN100 32/27 Q1002 NOSIG=
VABB,301030Z,33008KT 3000 HZ SCT020 SCT025 BKN100 32/27 Q1002 NOSIG=
VABB,301100Z,29006KT 3000 HZ SCT020 FEW025TCU BKN100 32/27 Q1002 NOSIG=
VABB,301130Z,35006KT 3000 HZ SCT020 FEW025TCU BKN100 32/27 Q1003 NOSIG=
VABB,301200Z,36004KT 2500 HZ SCT020 FEW025TCU BKN100 31/27 Q1003 NOSIG=
VABB,301230Z,02006KT 2500 HZ SCT020 FEW025TCU BKN100 31/28 Q1003 NOSIG=
VABB,301300Z,01006KT 2100 HZ SCT020 FEW025TCU BKN100 31/29 Q1003 NOSIG=
VABB,301330Z,06009G19KT 2500 HZ SCT020 FEW030CB BKN100 31/28 Q1004 NOSIG=
VABB,301400Z,06010G20KT 2500 -TSRA SCT018 FEW030CB BKN090 28/25 Q1004 TEMPO 1500 TSRA=
VABB,301430Z,06010G20KT 2500 -TSRA SCT018 FEW030CB BKN090 27/25 Q1004 TEMPO 1500 TSRA=
VABB,301500Z,11005KT 2500 -TSRA SCT018 FEW030CB BKN090 27/25 Q1005 TEMPO 1500 TSRA=
VABB,301530Z,16005KT 2500 -RA SCT018 FEW030CB BKN090 27/25 Q1005 TEMPO 1500 SHRA=
VABB,301600Z,17006KT 2100 -RA SCT018 FEW030CB BKN090 27/25 Q1006 TEMPO 1500 SHRA=
VABB,301630Z,11003KT 2100 BR SCT018 FEW030CB BKN090 27/26 Q1006 TEMPO 1500 SHRA=
VABB,301700Z,22003KT 2100 -RA SCT018 FEW030CB BKN090 27/26 Q1006 TEMPO 1500 SHRA=
VABB,301730Z,30006KT 2100 -RA FEW010 SCT018 FEW030CB BKN090 27/26 Q1006 TEMPO 1500 SHRA=
VABB,301800Z,28006KT 2100 VCSH SCT018 FEW030CB BKN090 27/25 Q1006 TEMPO 1500 SHRA=
VABB,301830Z,25004KT 2100 BR SCT018 FEW030CB BKN090 27/25 Q1005 TEMPO 1500 SHRA=
VABB,301900Z,17004KT 2100 BR SCT018 FEW030CB BKN090 27/25 Q1005 NOSIG=
VABB,301930Z,16005KT 2100 BR SCT018 FEW030CB BKN090 27/25 Q1005 NOSIG=
VABB,302000Z,14007KT 2100 -RA SCT018 FEW030CB BKN090 27/26 Q1006 TEMPO 1500 SHRA=
VABB,302030Z,14008KT 2100 -RA FEW010 SCT018 FEW030CB BKN090 26/25 Q1006 TEMPO 1500 SHRA=
VABB,302100Z,17005KT 2100 -RA FEW010 SCT018 FEW030CB BKN090 26/25 Q1006 TEMPO 1500 SHRA=
VABB,302130Z,00000KT 2100 -RA FEW010 SCT018 FEW030CB BKN090 26/25 Q1005 TEMPO 1500 SHRA=
VABB,302200Z,00000KT 2100 -RA FEW010 SCT018 FEW030CB BKN090 26/25 Q1005 TEMPO 1500 SHRA=
VABB,302230Z,29003KT 2100 -RA FEW010 SCT018 FEW030CB BKN090 26/26 Q1005 TEMPO 1500 SHRA=
VABB,302300Z,26004KT 2100 -RA FEW010 SCT018 FEW030CB BKN090 26/26 Q1005 TEMPO 1500 SHRA=
VABB,302330Z,00000KT 2100 -RA FEW010 SCT018 FEW030CB BKN090 27/26 Q1005 TEMPO 1500 SHRA=
VABB,010000Z,00000KT 2100 -RA FEW010 SCT018 FEW030CB BKN090 26/26 Q1005 TEMPO 1500 SHRA=
VABB,010030Z,04004KT 2100 VCSH FEW010 SCT018 FEW030CB BKN090 27/27 Q1005 TEMPO 1500 SHRA=
VABB,010100Z,10004KT 2100 BR SCT018 FEW025TCU BKN090 27/27 Q1005 TEMPO 1500 SHRA=
VABB,010130Z,16003KT 2100 BR SCT018 FEW025TCU BKN090 27/27 Q1006 TEMPO 1500 SHRA=
VABB,010200Z,14004KT 2100 BR SCT018 FEW025TCU BKN090 27/27 Q1006 TEMPO 1500 SHRA=
VABB,010230Z,12004KT 1800 BR SCT018 FEW025TCU BKN090 27/27 Q1006 TEMPO 1500 SHRA=
